Date,Date,,,,,,Price,Open,High,Low,Vol.,Change %
09-05-2025,9,5,2025,,,5/9/2025,1.14,0.9,1.17,0.9,90.60M,26.67%
09-04-2025,9,4,2025,,,4/9/2025,0.9,0.83,0.91,0.8,54.77M,8.43%
09-03-2025,9,3,2025,,,3/9/2025,0.83,0.77,0.83,0.74,44.61M,9.21%
09-02-2025,9,2,2025,,,2/9/2025,0.76,0.8,0.83,0.74,42.30M,-5.00%
09-01-2025,9,1,2025,,,1/9/2025,0.8,0.71,0.8,0.7,31.86M,9.59%
08/29/2025,8,,,29,2025,29/8/2025,0.73,0.73,0.84,0.6,154.54M,4.29%
08/28/2025,8,,,28,2025,28/8/2025,0.7,0.52,0.7,0.51,117.69M,27.27%
08/27/2025,8,,,27,2025,27/8/2025,0.55,0.47,0.55,0.46,70.16M,18.28%
08/26/2025,8,,,26,2025,26/8/2025,0.465,0.475,0.49,0.455,44.41M,-3.12%
08/25/2025,8,,,25,2025,25/8/2025,0.48,0.42,0.48,0.42,35.08M,14.29%
08/22/2025,8,,,22,2025,22/8/2025,0.42,0.43,0.43,0.415,19.81M,-2.33%
08/21/2025,8,,,21,2025,21/8/2025,0.43,0.435,0.44,0.425,892.89K,-1.15%
08/20/2025,8,,,20,2025,20/8/2025,0.435,0.435,0.44,0.43,1.28M,0.00%
08/19/2025,8,,,19,2025,19/8/2025,0.435,0.43,0.44,0.42,4.26M,0.00%
08/18/2025,8,,,18,2025,18/8/2025,0.435,0.435,0.44,0.43,3.49M,-2.25%
08/15/2025,8,,,15,2025,15/8/2025,0.445,0.44,0.445,0.435,1.30M,0.00%
08/14/2025,8,,,14,2025,14/8/2025,0.445,0.445,0.445,0.43,5.92M,0.00%
08/13/2025,8,,,13,2025,13/8/2025,0.445,0.455,0.455,0.44,2.34M,-1.11%
08-12-2025,8,12,2025,,,12/8/2025,0.45,0.445,0.45,0.435,5.81M,1.12%
08-11-2025,8,11,2025,,,11/8/2025,0.445,0.44,0.445,0.44,2.79M,0.00%
08-08-2025,8,8,2025,,,8/8/2025,0.445,0.44,0.445,0.435,1.17M,1.14%
08-07-2025,8,7,2025,,,7/8/2025,0.44,0.445,0.445,0.44,1.16M,0.00%
08-06-2025,8,6,2025,,,6/8/2025,0.44,0.44,0.445,0.435,1.54M,0.00%
08-05-2025,8,5,2025,,,5/8/2025,0.44,0.44,0.445,0.435,956.85K,0.00%
08-04-2025,8,4,2025,,,4/8/2025,0.44,0.445,0.45,0.44,1.67M,-1.12%
08-01-2025,8,1,2025,,,1/8/2025,0.445,0.435,0.45,0.435,2.48M,2.30%
07/31/2025,7,,,31,2025,31/7/2025,0.435,0.455,0.455,0.435,3.75M,-3.33%
07/30/2025,7,,,30,2025,30/7/2025,0.45,0.46,0.46,0.45,2.77M,-2.17%
07/29/2025,7,,,29,2025,29/7/2025,0.46,0.445,0.465,0.445,8.40M,2.22%
07/28/2025,7,,,28,2025,28/7/2025,0.45,0.445,0.455,0.44,3.26M,1.12%
07/25/2025,7,,,25,2025,25/7/2025,0.445,0.445,0.45,0.44,2.79M,0.00%
07/24/2025,7,,,24,2025,24/7/2025,0.445,0.44,0.45,0.435,3.15M,1.14%
07/23/2025,7,,,23,2025,23/7/2025,0.44,0.45,0.45,0.435,7.21M,-2.22%
07/22/2025,7,,,22,2025,22/7/2025,0.45,0.465,0.465,0.435,7.97M,-2.17%
07/21/2025,7,,,21,2025,21/7/2025,0.46,0.46,0.46,0.45,3.78M,0.00%
07/18/2025,7,,,18,2025,18/7/2025,0.46,0.46,0.465,0.445,6.85M,0.00%
07/17/2025,7,,,17,2025,17/7/2025,0.46,0.45,0.465,0.45,12.54M,3.37%
07/16/2025,7,,,16,2025,16/7/2025,0.445,0.45,0.455,0.445,4.85M,-1.11%
07/15/2025,7,,,15,2025,15/7/2025,0.45,0.455,0.455,0.44,1.96M,0.00%
07/14/2025,7,,,14,2025,14/7/2025,0.45,0.435,0.45,0.43,3.74M,3.45%
07-11-2025,7,11,2025,,,11/7/2025,0.435,0.44,0.45,0.425,7.48M,-1.14%
07-10-2025,7,10,2025,,,10/7/2025,0.44,0.445,0.455,0.435,1.85M,-1.12%
07-09-2025,7,9,2025,,,9/7/2025,0.445,0.45,0.46,0.435,4.90M,-1.11%
07-08-2025,7,8,2025,,,8/7/2025,0.45,0.44,0.45,0.425,6.98M,2.27%
07-07-2025,7,7,2025,,,7/7/2025,0.44,0.43,0.445,0.425,8.49M,2.33%
07-04-2025,7,4,2025,,,4/7/2025,0.43,0.42,0.43,0.415,5.15M,3.61%
07-03-2025,7,3,2025,,,3/7/2025,0.415,0.415,0.425,0.41,5.00M,1.22%
07-02-2025,7,2,2025,,,2/7/2025,0.41,0.4,0.415,0.4,5.82M,2.50%
06/30/2025,6,,,30,2025,30/6/2025,0.4,0.39,0.41,0.39,3.41M,3.90%
06/27/2025,6,,,27,2025,27/6/2025,0.385,0.39,0.39,0.375,3.59M,-1.28%
06/26/2025,6,,,26,2025,26/6/2025,0.39,0.4,0.4,0.38,4.66M,-2.50%
06/25/2025,6,,,25,2025,25/6/2025,0.4,0.4,0.405,0.39,4.37M,0.00%
06/24/2025,6,,,24,2025,24/6/2025,0.4,0.4,0.41,0.395,3.65M,0.00%
06/23/2025,6,,,23,2025,23/6/2025,0.4,0.425,0.425,0.4,4.90M,-5.88%
06/20/2025,6,,,20,2025,20/6/2025,0.425,0.43,0.44,0.42,3.61M,1.19%
06/19/2025,6,,,19,2025,19/6/2025,0.42,0.435,0.45,0.415,3.99M,-5.62%
06/18/2025,6,,,18,2025,18/6/2025,0.445,0.435,0.45,0.43,3.61M,3.49%
06/17/2025,6,,,17,2025,17/6/2025,0.43,0.445,0.46,0.425,3.28M,-3.37%
06/16/2025,6,,,16,2025,16/6/2025,0.445,0.45,0.47,0.415,9.26M,2.30%
06/13/2025,6,,,13,2025,13/6/2025,0.435,0.445,0.46,0.43,6.29M,-2.25%
06-12-2025,6,12,2025,,,12/6/2025,0.445,0.41,0.48,0.41,34.70M,8.54%
06-11-2025,6,11,2025,,,11/6/2025,0.41,0.37,0.415,0.37,9.38M,10.81%
06-10-2025,6,10,2025,,,10/6/2025,0.37,0.37,0.38,0.365,2.86M,0.00%
06-09-2025,6,9,2025,,,9/6/2025,0.37,0.345,0.37,0.345,6.96M,7.25%
06-06-2025,6,6,2025,,,6/6/2025,0.345,0.34,0.345,0.335,2.73M,1.47%
06-05-2025,6,5,2025,,,5/6/2025,0.34,0.325,0.35,0.325,6.60M,4.62%
06-04-2025,6,4,2025,,,4/6/2025,0.325,0.325,0.33,0.32,676.59K,1.56%
06-03-2025,6,3,2025,,,3/6/2025,0.32,0.32,0.33,0.32,1.10M,-1.54%
06-02-2025,6,2,2025,,,2/6/2025,0.325,0.325,0.325,0.315,2.39M,-1.52%
05/30/2025,5,,,30,2025,30/5/2025,0.33,0.33,0.33,0.325,248.44K,1.54%
05/29/2025,5,,,29,2025,29/5/2025,0.325,0.325,0.33,0.32,642.68K,0.00%
05/28/2025,5,,,28,2025,28/5/2025,0.325,0.33,0.33,0.32,610.06K,0.00%
05/27/2025,5,,,27,2025,27/5/2025,0.325,0.325,0.33,0.325,529.30K,0.00%
05/26/2025,5,,,26,2025,26/5/2025,0.325,0.33,0.335,0.325,908.32K,-1.52%
05/23/2025,5,,,23,2025,23/5/2025,0.33,0.335,0.335,0.325,858.68K,0.00%
05/22/2025,5,,,22,2025,22/5/2025,0.33,0.32,0.33,0.32,1.87M,3.13%
05/21/2025,5,,,21,2025,21/5/2025,0.32,0.32,0.325,0.32,1.10M,-1.54%
05/20/2025,5,,,20,2025,20/5/2025,0.325,0.32,0.325,0.32,879.68K,0.00%
05/19/2025,5,,,19,2025,19/5/2025,0.325,0.325,0.325,0.315,1.27M,0.00%
05/16/2025,5,,,16,2025,16/5/2025,0.325,0.325,0.325,0.32,1.72M,0.00%
05/15/2025,5,,,15,2025,15/5/2025,0.325,0.325,0.33,0.32,1.98M,0.00%
05/14/2025,5,,,14,2025,14/5/2025,0.325,0.325,0.33,0.32,2.81M,0.00%
05/13/2025,5,,,13,2025,13/5/2025,0.325,0.335,0.355,0.325,7.50M,-2.99%
05-12-2025,5,12,2025,,,12/5/2025,0.335,0.325,0.335,0.32,2.46M,3.08%
05-09-2025,5,9,2025,,,9/5/2025,0.325,0.32,0.335,0.32,2.13M,-1.52%
05-08-2025,5,8,2025,,,8/5/2025,0.33,0.33,0.33,0.32,12.73M,-1.49%
05-07-2025,5,7,2025,,,7/5/2025,0.335,0.33,0.34,0.32,7.12M,3.08%
05-06-2025,5,6,2025,,,6/5/2025,0.325,0.36,0.365,0.325,9.29M,-9.72%
05-02-2025,5,2,2025,,,2/5/2025,0.36,0.36,0.365,0.355,992.13K,0.00%
04/30/2025,4,,,30,2025,30/4/2025,0.36,0.365,0.365,0.36,348.21K,-2.70%
04/29/2025,4,,,29,2025,29/4/2025,0.37,0.36,0.37,0.36,494.31K,0.00%
04/28/2025,4,,,28,2025,28/4/2025,0.37,0.36,0.37,0.355,6.67M,2.78%
04/25/2025,4,,,25,2025,25/4/2025,0.36,0.365,0.365,0.355,4.83M,-1.37%
04/24/2025,4,,,24,2025,24/4/2025,0.365,0.37,0.37,0.36,229.86K,-1.35%
04/23/2025,4,,,23,2025,23/4/2025,0.37,0.35,0.375,0.35,2.84M,7.25%
04/22/2025,4,,,22,2025,22/4/2025,0.345,0.36,0.36,0.345,591.57K,-4.17%
04/17/2025,4,,,17,2025,17/4/2025,0.36,0.36,0.37,0.36,639.68K,0.00%
04/16/2025,4,,,16,2025,16/4/2025,0.36,0.36,0.36,0.35,5.34M,-1.37%
04/15/2025,4,,,15,2025,15/4/2025,0.365,0.37,0.37,0.365,453.93K,-1.35%
04/14/2025,4,,,14,2025,14/4/2025,0.37,0.37,0.375,0.36,1.87M,1.37%
04-11-2025,4,11,2025,,,11/4/2025,0.365,0.37,0.375,0.36,711.59K,-1.35%
04-10-2025,4,10,2025,,,10/4/2025,0.37,0.355,0.37,0.35,1.47M,5.71%
04-09-2025,4,9,2025,,,9/4/2025,0.35,0.35,0.36,0.34,3.36M,-2.78%
04-08-2025,4,8,2025,,,8/4/2025,0.36,0.36,0.38,0.355,2.19M,4.35%
04-07-2025,4,7,2025,,,7/4/2025,0.345,0.4,0.4,0.345,7.15M,-17.86%
04-03-2025,4,3,2025,,,3/4/2025,0.42,0.415,0.425,0.41,481.07K,0.00%
04-02-2025,4,2,2025,,,2/4/2025,0.42,0.41,0.43,0.4,4.60M,1.20%
04-01-2025,4,1,2025,,,1/4/2025,0.415,0.415,0.42,0.41,1.63M,0.00%
03/31/2025,3,,,31,2025,31/3/2025,0.415,0.43,0.43,0.415,2.69M,-4.60%
03/28/2025,3,,,28,2025,28/3/2025,0.435,0.43,0.445,0.425,2.14M,1.16%
03/27/2025,3,,,27,2025,27/3/2025,0.43,0.435,0.44,0.425,2.25M,0.00%
03/26/2025,3,,,26,2025,26/3/2025,0.43,0.435,0.435,0.43,968.60K,-1.15%
03/25/2025,3,,,25,2025,25/3/2025,0.435,0.43,0.44,0.425,1.63M,0.00%
03/24/2025,3,,,24,2025,24/3/2025,0.435,0.44,0.445,0.425,3.12M,-2.25%
03/21/2025,3,,,21,2025,21/3/2025,0.445,0.445,0.455,0.435,2.80M,0.00%
03/20/2025,3,,,20,2025,20/3/2025,0.445,0.44,0.45,0.435,2.40M,1.14%
03/19/2025,3,,,19,2025,19/3/2025,0.44,0.445,0.445,0.435,1.54M,0.00%
03/18/2025,3,,,18,2025,18/3/2025,0.44,0.44,0.455,0.44,3.78M,0.00%
03/17/2025,3,,,17,2025,17/3/2025,0.44,0.44,0.455,0.44,6.28M,-1.12%
03/14/2025,3,,,14,2025,14/3/2025,0.445,0.44,0.445,0.435,1.53M,1.14%
03/13/2025,3,,,13,2025,13/3/2025,0.44,0.435,0.445,0.435,2.17M,0.00%
03-12-2025,3,12,2025,,,12/3/2025,0.44,0.45,0.45,0.435,5.03M,-2.22%
03-11-2025,3,11,2025,,,11/3/2025,0.45,0.43,0.45,0.43,2.92M,2.27%
03-10-2025,3,10,2025,,,10/3/2025,0.44,0.435,0.44,0.43,1.40M,0.00%
03-07-2025,3,7,2025,,,7/3/2025,0.44,0.45,0.45,0.435,3.75M,-3.30%
03-06-2025,3,6,2025,,,6/3/2025,0.455,0.455,0.46,0.45,1.80M,1.11%
03-05-2025,3,5,2025,,,5/3/2025,0.45,0.455,0.46,0.445,1.48M,0.00%
03-04-2025,3,4,2025,,,4/3/2025,0.45,0.455,0.455,0.445,3.47M,-1.10%
03-03-2025,3,3,2025,,,3/3/2025,0.455,0.45,0.465,0.45,1.48M,1.11%
02/28/2025,2,,,28,2025,28/2/2025,0.45,0.465,0.48,0.45,1.87M,-4.26%
02/27/2025,2,,,27,2025,27/2/2025,0.47,0.445,0.485,0.44,18.35M,5.62%
02/26/2025,2,,,26,2025,26/2/2025,0.445,0.42,0.455,0.42,6.38M,4.71%
02/25/2025,2,,,25,2025,25/2/2025,0.425,0.425,0.43,0.415,2.10M,-1.16%
02/24/2025,2,,,24,2025,24/2/2025,0.43,0.445,0.445,0.425,8.05M,-4.44%
02/21/2025,2,,,21,2025,21/2/2025,0.45,0.45,0.46,0.445,2.58M,0.00%
02/20/2025,2,,,20,2025,20/2/2025,0.45,0.46,0.465,0.45,1.57M,-3.23%
02/19/2025,2,,,19,2025,19/2/2025,0.465,0.45,0.47,0.445,5.76M,3.33%
02/18/2025,2,,,18,2025,18/2/2025,0.45,0.46,0.465,0.45,2.00M,-2.17%
02/17/2025,2,,,17,2025,17/2/2025,0.46,0.455,0.465,0.455,1.96M,1.10%
02/14/2025,2,,,14,2025,14/2/2025,0.455,0.465,0.465,0.455,2.80M,0.00%
02/13/2025,2,,,13,2025,13/2/2025,0.455,0.46,0.46,0.45,1.43M,-1.09%
02-12-2025,2,12,2025,,,12/2/2025,0.46,0.465,0.47,0.455,3.00M,-1.08%
02-11-2025,2,11,2025,,,11/2/2025,0.465,0.46,0.47,0.455,3.28M,0.00%
02-10-2025,2,10,2025,,,10/2/2025,0.465,0.475,0.475,0.46,2.40M,-1.06%
02-07-2025,2,7,2025,,,7/2/2025,0.47,0.455,0.485,0.45,6.86M,3.30%
02-06-2025,2,6,2025,,,6/2/2025,0.455,0.46,0.465,0.45,2.29M,-2.15%
02-05-2025,2,5,2025,,,5/2/2025,0.465,0.47,0.47,0.455,3.31M,-1.06%
02-04-2025,2,4,2025,,,4/2/2025,0.47,0.465,0.475,0.46,1.35M,0.00%
02-03-2025,2,3,2025,,,3/2/2025,0.47,0.475,0.475,0.46,1.22M,-2.08%
01/28/2025,1,,,28,2025,28/1/2025,0.48,0.465,0.48,0.465,1.19M,2.13%
01/27/2025,1,,,27,2025,27/1/2025,0.47,0.475,0.475,0.465,1.85M,-1.05%
01/24/2025,1,,,24,2025,24/1/2025,0.475,0.5,0.5,0.475,1.91M,-1.04%
01/23/2025,1,,,23,2025,23/1/2025,0.48,0.46,0.51,0.46,19.12M,2.13%
01/22/2025,1,,,22,2025,22/1/2025,0.47,0.46,0.48,0.45,8.05M,2.17%
01/21/2025,1,,,21,2025,21/1/2025,0.46,0.45,0.47,0.45,2.33M,0.00%
01/20/2025,1,,,20,2025,20/1/2025,0.46,0.465,0.465,0.45,1.64M,-1.08%
01/17/2025,1,,,17,2025,17/1/2025,0.465,0.465,0.47,0.46,664.79K,-1.06%
01/16/2025,1,,,16,2025,16/1/2025,0.47,0.465,0.47,0.455,2.68M,1.08%
01/15/2025,1,,,15,2025,15/1/2025,0.465,0.46,0.47,0.46,1.35M,0.00%
01/14/2025,1,,,14,2025,14/1/2025,0.465,0.445,0.47,0.445,2.49M,3.33%
01/13/2025,1,,,13,2025,13/1/2025,0.45,0.45,0.45,0.445,2.07M,-2.17%
01-10-2025,1,10,2025,,,10/1/2025,0.46,0.46,0.465,0.45,1.97M,0.00%
01-09-2025,1,9,2025,,,9/1/2025,0.46,0.46,0.475,0.45,1.51M,1.10%
01-08-2025,1,8,2025,,,8/1/2025,0.455,0.47,0.47,0.455,3.21M,-5.21%
01-07-2025,1,7,2025,,,7/1/2025,0.48,0.465,0.48,0.455,2.38M,0.00%
01-06-2025,1,6,2025,,,6/1/2025,0.48,0.465,0.485,0.46,2.63M,2.13%
01-03-2025,1,3,2025,,,3/1/2025,0.47,0.49,0.49,0.465,3.34M,-2.08%
01-02-2025,1,2,2025,,,2/1/2025,0.48,0.485,0.485,0.465,3.87M,-1.03%
12/31/2024,12,,,31,2024,31/12/2024,0.485,0.47,0.485,0.46,4.29M,2.11%
12/30/2024,12,,,30,2024,30/12/2024,0.475,0.45,0.475,0.43,7.18M,6.74%
12/27/2024,12,,,27,2024,27/12/2024,0.445,0.44,0.45,0.43,4.26M,1.14%
12/24/2024,12,,,24,2024,24/12/2024,0.44,0.435,0.445,0.42,3.66M,3.53%
12/23/2024,12,,,23,2024,23/12/2024,0.425,0.42,0.43,0.42,556.23K,0.00%
12/20/2024,12,,,20,2024,20/12/2024,0.425,0.425,0.44,0.425,1.36M,-1.16%
12/19/2024,12,,,19,2024,19/12/2024,0.43,0.425,0.43,0.42,2.84M,0.00%
12/18/2024,12,,,18,2024,18/12/2024,0.43,0.43,0.445,0.43,560.96K,-1.15%
12/17/2024,12,,,17,2024,17/12/2024,0.435,0.44,0.45,0.43,2.45M,0.00%
12/16/2024,12,,,16,2024,16/12/2024,0.435,0.425,0.435,0.425,512.01K,-1.14%
12/13/2024,12,,,13,2024,13/12/2024,0.44,0.455,0.455,0.435,459.56K,-2.22%
12-12-2024,12,12,2024,,,12/12/2024,0.45,0.43,0.45,0.43,2.42M,2.27%
12-11-2024,12,11,2024,,,11/12/2024,0.44,0.44,0.46,0.425,4.59M,0.00%
12-10-2024,12,10,2024,,,10/12/2024,0.44,0.46,0.465,0.44,3.93M,-4.35%
12-09-2024,12,9,2024,,,9/12/2024,0.46,0.46,0.47,0.45,7.05M,0.00%
12-06-2024,12,6,2024,,,6/12/2024,0.46,0.465,0.47,0.455,4.00M,-1.08%
12-05-2024,12,5,2024,,,5/12/2024,0.465,0.455,0.465,0.445,3.92M,3.33%
12-04-2024,12,4,2024,,,4/12/2024,0.45,0.45,0.455,0.445,5.53M,0.00%
12-03-2024,12,3,2024,,,3/12/2024,0.45,0.45,0.455,0.44,4.48M,0.00%
12-02-2024,12,2,2024,,,2/12/2024,0.45,0.455,0.46,0.44,10.92M,0.00%
11/29/2024,11,,,29,2024,29/11/2024,0.45,0.455,0.47,0.44,6.64M,-1.10%
11/28/2024,11,,,28,2024,28/11/2024,0.455,0.47,0.48,0.45,8.90M,-2.15%
11/27/2024,11,,,27,2024,27/11/2024,0.465,0.45,0.47,0.45,5.94M,0.00%
11/26/2024,11,,,26,2024,26/11/2024,0.465,0.47,0.475,0.44,8.91M,2.20%
11/25/2024,11,,,25,2024,25/11/2024,0.455,0.415,0.455,0.415,13.36M,9.64%
11/22/2024,11,,,22,2024,22/11/2024,0.415,0.42,0.425,0.41,6.02M,0.00%
11/21/2024,11,,,21,2024,21/11/2024,0.415,0.4,0.43,0.4,14.74M,5.06%
11/20/2024,11,,,20,2024,20/11/2024,0.395,0.405,0.405,0.39,3.72M,-1.25%
11/19/2024,11,,,19,2024,19/11/2024,0.4,0.41,0.41,0.4,387.01K,-1.23%
11/18/2024,11,,,18,2024,18/11/2024,0.405,0.41,0.415,0.4,1.39M,-1.22%
11/15/2024,11,,,15,2024,15/11/2024,0.41,0.405,0.42,0.4,4.26M,0.00%
11/14/2024,11,,,14,2024,14/11/2024,0.41,0.42,0.42,0.405,3.72M,-3.53%
11/13/2024,11,,,13,2024,13/11/2024,0.425,0.43,0.43,0.42,1.40M,-1.16%
11-12-2024,11,12,2024,,,12/11/2024,0.43,0.46,0.46,0.42,4.85M,-4.44%
11-11-2024,11,11,2024,,,11/11/2024,0.45,0.445,0.45,0.435,1.46M,-1.10%
11-08-2024,11,8,2024,,,8/11/2024,0.455,0.455,0.46,0.445,3.38M,2.25%
11-07-2024,11,7,2024,,,7/11/2024,0.445,0.44,0.455,0.435,5.63M,-1.11%
11-06-2024,11,6,2024,,,6/11/2024,0.45,0.45,0.47,0.44,14.59M,2.27%
11-05-2024,11,5,2024,,,5/11/2024,0.44,0.44,0.45,0.43,5.11M,0.00%
11-04-2024,11,4,2024,,,4/11/2024,0.44,0.45,0.45,0.43,3.39M,-1.12%
11-01-2024,11,1,2024,,,1/11/2024,0.445,0.475,0.475,0.425,10.68M,-5.32%
10/31/2024,10,,,31,2024,31/10/2024,0.47,0.46,0.47,0.455,6.45M,2.17%
10/30/2024,10,,,30,2024,30/10/2024,0.46,0.455,0.47,0.445,5.96M,3.37%
10/29/2024,10,,,29,2024,29/10/2024,0.445,0.53,0.53,0.445,17.02M,-4.30%
10/28/2024,10,,,28,2024,28/10/2024,0.465,0.475,0.475,0.45,8.96M,0.00%
10/25/2024,10,,,25,2024,25/10/2024,0.465,0.425,0.51,0.425,66.08M,10.71%
10/24/2024,10,,,24,2024,24/10/2024,0.42,0.45,0.45,0.41,11.28M,-5.62%
10/23/2024,10,,,23,2024,23/10/2024,0.445,0.42,0.48,0.4,41.25M,7.23%
10/22/2024,10,,,22,2024,22/10/2024,0.415,0.425,0.425,0.4,2.10M,2.47%
10/21/2024,10,,,21,2024,21/10/2024,0.405,0.415,0.415,0.4,1.39M,0.00%
10/18/2024,10,,,18,2024,18/10/2024,0.405,0.4,0.415,0.39,3.33M,2.53%
10/17/2024,10,,,17,2024,17/10/2024,0.395,0.41,0.41,0.39,3.13M,0.00%
10/16/2024,10,,,16,2024,16/10/2024,0.395,0.405,0.415,0.385,7.49M,-1.25%
10/15/2024,10,,,15,2024,15/10/2024,0.4,0.415,0.43,0.39,5.63M,-3.61%
10/14/2024,10,,,14,2024,14/10/2024,0.415,0.405,0.415,0.385,4.72M,2.47%
10-10-2024,10,10,2024,,,10/10/2024,0.405,0.415,0.425,0.4,5.71M,1.25%
10-09-2024,10,9,2024,,,9/10/2024,0.4,0.44,0.445,0.38,6.27M,-5.88%
10-08-2024,10,8,2024,,,8/10/2024,0.425,0.51,0.51,0.42,30.24M,-14.14%
10-07-2024,10,7,2024,,,7/10/2024,0.495,0.46,0.55,0.46,38.88M,15.12%
10-04-2024,10,4,2024,,,4/10/2024,0.43,0.38,0.435,0.38,17.51M,10.26%
10-03-2024,10,3,2024,,,3/10/2024,0.39,0.44,0.445,0.38,16.24M,-10.34%
10-02-2024,10,2,2024,,,2/10/2024,0.435,0.415,0.46,0.415,13.25M,3.57%
09/30/2024,9,,,30,2024,30/9/2024,0.42,0.385,0.425,0.385,12.61M,9.09%
09/27/2024,9,,,27,2024,27/9/2024,0.385,0.365,0.4,0.365,9.21M,6.94%
09/26/2024,9,,,26,2024,26/9/2024,0.36,0.345,0.365,0.34,8.69M,7.46%
09/25/2024,9,,,25,2024,25/9/2024,0.335,0.345,0.35,0.335,4.27M,-1.47%
09/24/2024,9,,,24,2024,24/9/2024,0.34,0.335,0.34,0.33,2.07M,4.62%
09/23/2024,9,,,23,2024,23/9/2024,0.325,0.325,0.335,0.325,986.40K,-1.52%
09/20/2024,9,,,20,2024,20/9/2024,0.33,0.33,0.34,0.325,1.13M,1.54%
09/19/2024,9,,,19,2024,19/9/2024,0.325,0.33,0.34,0.32,1.42M,0.00%
09/17/2024,9,,,17,2024,17/9/2024,0.325,0.325,0.335,0.32,605.95K,0.00%
09/16/2024,9,,,16,2024,16/9/2024,0.325,0.325,0.325,0.315,1.79M,1.56%
09/13/2024,9,,,13,2024,13/9/2024,0.32,0.325,0.33,0.32,1.63M,-3.03%
09-12-2024,9,12,2024,,,12/9/2024,0.33,0.33,0.33,0.32,564.10K,3.13%
09-11-2024,9,11,2024,,,11/9/2024,0.32,0.32,0.33,0.32,510.64K,-3.03%
09-10-2024,9,10,2024,,,10/9/2024,0.33,0.34,0.34,0.32,1.28M,0.00%
09-09-2024,9,9,2024,,,9/9/2024,0.33,0.345,0.345,0.325,1.83M,-2.94%
09-05-2024,9,5,2024,,,5/9/2024,0.34,0.35,0.35,0.325,10.07M,-2.86%
09-04-2024,9,4,2024,,,4/9/2024,0.35,0.355,0.355,0.345,4.62M,-1.41%
09-03-2024,9,3,2024,,,3/9/2024,0.355,0.345,0.355,0.335,6.31M,2.90%
09-02-2024,9,2,2024,,,2/9/2024,0.345,0.355,0.36,0.34,6.66M,-1.43%
08/30/2024,8,,,30,2024,30/8/2024,0.35,0.355,0.355,0.345,1.25M,0.00%
08/29/2024,8,,,29,2024,29/8/2024,0.35,0.34,0.36,0.335,15.38M,2.94%
08/28/2024,8,,,28,2024,28/8/2024,0.34,0.335,0.34,0.33,5.92M,0.00%
08/27/2024,8,,,27,2024,27/8/2024,0.34,0.335,0.345,0.325,1.52M,3.03%
08/26/2024,8,,,26,2024,26/8/2024,0.33,0.335,0.345,0.325,1.48M,-1.49%
08/23/2024,8,,,23,2024,23/8/2024,0.335,0.32,0.355,0.32,1.33M,4.69%
08/22/2024,8,,,22,2024,22/8/2024,0.32,0.32,0.325,0.31,4.64M,0.00%
08/21/2024,8,,,21,2024,21/8/2024,0.32,0.315,0.32,0.315,662.36K,0.00%
08/20/2024,8,,,20,2024,20/8/2024,0.32,0.335,0.335,0.315,3.95M,-1.54%
08/19/2024,8,,,19,2024,19/8/2024,0.325,0.325,0.335,0.315,6.37M,0.00%
08/16/2024,8,,,16,2024,16/8/2024,0.325,0.32,0.325,0.315,1.14M,1.56%
08/15/2024,8,,,15,2024,15/8/2024,0.32,0.32,0.32,0.31,3.44M,0.00%
08/14/2024,8,,,14,2024,14/8/2024,0.32,0.33,0.33,0.32,2.04M,-1.54%
08/13/2024,8,,,13,2024,13/8/2024,0.325,0.32,0.335,0.32,633.99K,-1.52%
08-12-2024,8,12,2024,,,12/8/2024,0.33,0.325,0.34,0.325,839.07K,-1.49%
08-09-2024,8,9,2024,,,9/8/2024,0.335,0.33,0.335,0.325,1.12M,1.52%
08-08-2024,8,8,2024,,,8/8/2024,0.33,0.33,0.33,0.32,1.03M,0.00%
08-07-2024,8,7,2024,,,7/8/2024,0.33,0.33,0.34,0.33,987.01K,1.54%
08-06-2024,8,6,2024,,,6/8/2024,0.325,0.32,0.33,0.32,1.47M,1.56%
08-05-2024,8,5,2024,,,5/8/2024,0.32,0.335,0.335,0.31,3.59M,-4.48%
08-02-2024,8,2,2024,,,2/8/2024,0.335,0.335,0.335,0.33,512.06K,-1.47%
08-01-2024,8,1,2024,,,1/8/2024,0.34,0.345,0.345,0.33,9.19M,1.49%
07/31/2024,7,,,31,2024,31/7/2024,0.335,0.36,0.375,0.335,8.67M,-6.94%
07/30/2024,7,,,30,2024,30/7/2024,0.36,0.37,0.375,0.35,4.81M,-1.37%
07/29/2024,7,,,29,2024,29/7/2024,0.365,0.355,0.37,0.35,15.58M,2.82%
07/26/2024,7,,,26,2024,26/7/2024,0.355,0.36,0.365,0.355,984.69K,-1.39%
07/25/2024,7,,,25,2024,25/7/2024,0.36,0.355,0.36,0.35,2.23M,0.00%
07/24/2024,7,,,24,2024,24/7/2024,0.36,0.36,0.365,0.355,823.35K,-1.37%
07/23/2024,7,,,23,2024,23/7/2024,0.365,0.385,0.385,0.36,1.66M,-5.19%
07/22/2024,7,,,22,2024,22/7/2024,0.385,0.39,0.39,0.37,1.53M,1.32%
07/19/2024,7,,,19,2024,19/7/2024,0.38,0.395,0.395,0.38,1.79M,-2.56%
07/18/2024,7,,,18,2024,18/7/2024,0.39,0.385,0.395,0.385,515.63K,-1.27%
07/17/2024,7,,,17,2024,17/7/2024,0.395,0.4,0.405,0.39,1.53M,0.00%
07/16/2024,7,,,16,2024,16/7/2024,0.395,0.39,0.395,0.38,1.67M,3.95%
07/15/2024,7,,,15,2024,15/7/2024,0.38,0.385,0.385,0.375,410.61K,0.00%
07-12-2024,7,12,2024,,,12/7/2024,0.38,0.39,0.395,0.37,5.92M,-1.30%
07-11-2024,7,11,2024,,,11/7/2024,0.385,0.395,0.415,0.385,5.33M,-3.75%
07-10-2024,7,10,2024,,,10/7/2024,0.4,0.415,0.415,0.39,1.42M,1.27%
07-09-2024,7,9,2024,,,9/7/2024,0.395,0.405,0.41,0.385,2.76M,-1.25%
07-08-2024,7,8,2024,,,8/7/2024,0.4,0.465,0.465,0.4,8.10M,-13.98%
07-05-2024,7,5,2024,,,5/7/2024,0.465,0.475,0.475,0.455,1.56M,-1.06%
07-04-2024,7,4,2024,,,4/7/2024,0.47,0.475,0.48,0.465,1.24M,-1.05%
07-03-2024,7,3,2024,,,3/7/2024,0.475,0.475,0.48,0.46,1.44M,1.06%
07-02-2024,7,2,2024,,,2/7/2024,0.47,0.485,0.485,0.47,1.13M,-2.08%
06/28/2024,6,,,28,2024,28/6/2024,0.48,0.495,0.495,0.47,818.29K,-1.03%
06/27/2024,6,,,27,2024,27/6/2024,0.485,0.51,0.51,0.475,1.95M,-1.02%
06/26/2024,6,,,26,2024,26/6/2024,0.49,0.495,0.51,0.475,3.29M,-1.01%
06/25/2024,6,,,25,2024,25/6/2024,0.495,0.46,0.5,0.45,9.66M,11.24%
06/24/2024,6,,,24,2024,24/6/2024,0.445,0.455,0.455,0.43,3.02M,1.14%
06/21/2024,6,,,21,2024,21/6/2024,0.44,0.435,0.455,0.42,3.00M,3.53%
06/20/2024,6,,,20,2024,20/6/2024,0.425,0.435,0.44,0.425,1.02M,-1.16%
06/19/2024,6,,,19,2024,19/6/2024,0.43,0.425,0.43,0.42,883.92K,1.18%
06/18/2024,6,,,18,2024,18/6/2024,0.425,0.42,0.43,0.415,1.26M,0.00%
06/17/2024,6,,,17,2024,17/6/2024,0.425,0.445,0.445,0.42,2.01M,-2.30%
06/14/2024,6,,,14,2024,14/6/2024,0.435,0.44,0.445,0.435,611.13K,-1.14%
06/13/2024,6,,,13,2024,13/6/2024,0.44,0.425,0.445,0.425,897.56K,3.53%
06-12-2024,6,12,2024,,,12/6/2024,0.425,0.445,0.445,0.42,1.48M,-3.41%
06-11-2024,6,11,2024,,,11/6/2024,0.44,0.445,0.445,0.425,1.30M,0.00%
06-07-2024,6,7,2024,,,7/6/2024,0.44,0.46,0.46,0.43,3.56M,-2.22%
06-06-2024,6,6,2024,,,6/6/2024,0.45,0.45,0.46,0.44,1.48M,0.00%
06-05-2024,6,5,2024,,,5/6/2024,0.45,0.465,0.465,0.445,1.23M,-1.10%
06-04-2024,6,4,2024,,,4/6/2024,0.455,0.48,0.48,0.45,3.05M,-3.19%
06-03-2024,6,3,2024,,,3/6/2024,0.47,0.49,0.49,0.465,1.94M,-2.08%
05/31/2024,5,,,31,2024,31/5/2024,0.48,0.495,0.495,0.475,1.55M,-2.04%
05/30/2024,5,,,30,2024,30/5/2024,0.49,0.475,0.5,0.47,5.02M,2.08%
05/29/2024,5,,,29,2024,29/5/2024,0.48,0.49,0.51,0.48,7.45M,0.00%
05/28/2024,5,,,28,2024,28/5/2024,0.48,0.445,0.485,0.445,4.71M,5.49%
05/27/2024,5,,,27,2024,27/5/2024,0.455,0.47,0.47,0.43,7.16M,-2.15%
05/24/2024,5,,,24,2024,24/5/2024,0.465,0.495,0.5,0.455,8.16M,-4.12%
05/23/2024,5,,,23,2024,23/5/2024,0.485,0.49,0.53,0.46,25.74M,0.00%
05/22/2024,5,,,22,2024,22/5/2024,0.485,0.415,0.49,0.415,21.42M,14.12%
05/21/2024,5,,,21,2024,21/5/2024,0.425,0.455,0.455,0.42,4.32M,-4.49%
05/20/2024,5,,,20,2024,20/5/2024,0.445,0.455,0.455,0.425,5.09M,3.49%
05/17/2024,5,,,17,2024,17/5/2024,0.43,0.43,0.445,0.425,3.04M,1.18%
05/16/2024,5,,,16,2024,16/5/2024,0.425,0.45,0.45,0.415,4.58M,-4.49%
05/14/2024,5,,,14,2024,14/5/2024,0.445,0.445,0.5,0.415,20.98M,0.00%
05/13/2024,5,,,13,2024,13/5/2024,0.445,0.395,0.445,0.385,21.65M,15.58%
05-10-2024,5,10,2024,,,10/5/2024,0.385,0.38,0.39,0.36,6.61M,5.48%
05-09-2024,5,9,2024,,,9/5/2024,0.365,0.34,0.37,0.335,4.91M,10.61%
05-08-2024,5,8,2024,,,8/5/2024,0.33,0.35,0.35,0.33,3.80M,-2.94%
05-07-2024,5,7,2024,,,7/5/2024,0.34,0.325,0.345,0.32,4.71M,4.62%
05-06-2024,5,6,2024,,,6/5/2024,0.325,0.33,0.33,0.31,4.96M,0.00%
05-03-2024,5,3,2024,,,3/5/2024,0.325,0.325,0.325,0.31,3.67M,0.00%
05-02-2024,5,2,2024,,,2/5/2024,0.325,0.33,0.34,0.325,5.31M,0.00%
04/30/2024,4,,,30,2024,30/4/2024,0.325,0.32,0.33,0.31,1.93M,1.56%
04/29/2024,4,,,29,2024,29/4/2024,0.32,0.31,0.32,0.305,3.46M,3.23%
04/26/2024,4,,,26,2024,26/4/2024,0.31,0.31,0.31,0.3,4.03M,0.00%
04/25/2024,4,,,25,2024,25/4/2024,0.31,0.32,0.325,0.305,2.09M,-3.12%
04/24/2024,4,,,24,2024,24/4/2024,0.32,0.335,0.335,0.31,3.69M,-1.54%
04/23/2024,4,,,23,2024,23/4/2024,0.325,0.32,0.365,0.305,8.67M,8.33%
04/22/2024,4,,,22,2024,22/4/2024,0.3,0.31,0.315,0.3,1.35M,-3.23%
04/19/2024,4,,,19,2024,19/4/2024,0.31,0.32,0.32,0.3,1.24M,-1.59%
04/18/2024,4,,,18,2024,18/4/2024,0.315,0.32,0.325,0.315,667.43K,-1.56%
04/17/2024,4,,,17,2024,17/4/2024,0.32,0.325,0.335,0.32,828.84K,-3.03%
04/16/2024,4,,,16,2024,16/4/2024,0.33,0.345,0.345,0.32,2.09M,-1.49%
04/15/2024,4,,,15,2024,15/4/2024,0.335,0.345,0.345,0.33,981.64K,0.00%
04-12-2024,4,12,2024,,,12/4/2024,0.335,0.345,0.35,0.335,2.00M,-2.90%
04-11-2024,4,11,2024,,,11/4/2024,0.345,0.355,0.355,0.345,244.12K,-2.82%
04-10-2024,4,10,2024,,,10/4/2024,0.355,0.355,0.355,0.345,631.36K,1.43%
04-09-2024,4,9,2024,,,9/4/2024,0.35,0.355,0.36,0.34,1.29M,0.00%
04-08-2024,4,8,2024,,,8/4/2024,0.35,0.36,0.365,0.345,1.35M,-1.41%
04-05-2024,4,5,2024,,,5/4/2024,0.355,0.36,0.36,0.35,763.64K,-1.39%
04-03-2024,4,3,2024,,,3/4/2024,0.36,0.365,0.37,0.355,1.14M,-1.37%
04-02-2024,4,2,2024,,,2/4/2024,0.365,0.355,0.365,0.35,4.24M,2.82%
03/28/2024,3,,,28,2024,28/3/2024,0.355,0.365,0.365,0.35,2.24M,0.00%
03/27/2024,3,,,27,2024,27/3/2024,0.355,0.365,0.365,0.35,1.34M,1.43%
03/26/2024,3,,,26,2024,26/3/2024,0.35,0.365,0.365,0.35,3.65M,-1.41%
03/25/2024,3,,,25,2024,25/3/2024,0.355,0.355,0.36,0.345,835.46K,0.00%
03/22/2024,3,,,22,2024,22/3/2024,0.355,0.365,0.365,0.35,1.89M,-2.74%
03/21/2024,3,,,21,2024,21/3/2024,0.365,0.36,0.37,0.355,1.50M,1.39%
03/20/2024,3,,,20,2024,20/3/2024,0.36,0.38,0.38,0.36,1.10M,-2.70%
03/19/2024,3,,,19,2024,19/3/2024,0.37,0.365,0.38,0.36,3.32M,2.78%
03/18/2024,3,,,18,2024,18/3/2024,0.36,0.365,0.37,0.355,2.27M,1.41%
03/15/2024,3,,,15,2024,15/3/2024,0.355,0.375,0.375,0.355,3.12M,-4.05%
03/14/2024,3,,,14,2024,14/3/2024,0.37,0.37,0.38,0.365,1.02M,-1.33%
03/13/2024,3,,,13,2024,13/3/2024,0.375,0.38,0.385,0.37,1.05M,-1.32%
03-12-2024,3,12,2024,,,12/3/2024,0.38,0.37,0.395,0.37,3.75M,2.70%
03-11-2024,3,11,2024,,,11/3/2024,0.37,0.37,0.375,0.36,2.88M,2.78%
03-08-2024,3,8,2024,,,8/3/2024,0.36,0.35,0.37,0.35,3.15M,1.41%
03-07-2024,3,7,2024,,,7/3/2024,0.355,0.36,0.365,0.35,1.56M,-2.74%
03-06-2024,3,6,2024,,,6/3/2024,0.365,0.365,0.375,0.35,3.65M,-1.35%
03-05-2024,3,5,2024,,,5/3/2024,0.37,0.375,0.38,0.365,1.85M,-1.33%
03-04-2024,3,4,2024,,,4/3/2024,0.375,0.375,0.38,0.37,868.74K,-1.32%
03-01-2024,3,1,2024,,,1/3/2024,0.38,0.385,0.39,0.375,520.81K,-1.30%
02/29/2024,2,,,29,2024,29/2/2024,0.385,0.385,0.395,0.38,1.60M,0.00%
02/28/2024,2,,,28,2024,28/2/2024,0.385,0.38,0.39,0.375,660.44K,0.00%
02/27/2024,2,,,27,2024,27/2/2024,0.385,0.38,0.385,0.375,1.40M,1.32%
02/26/2024,2,,,26,2024,26/2/2024,0.38,0.38,0.385,0.375,784.12K,-1.30%
02/23/2024,2,,,23,2024,23/2/2024,0.385,0.38,0.39,0.375,1.62M,-1.28%
02/22/2024,2,,,22,2024,22/2/2024,0.39,0.39,0.39,0.375,1.15M,1.30%
02/21/2024,2,,,21,2024,21/2/2024,0.385,0.395,0.395,0.375,2.07M,0.00%
02/20/2024,2,,,20,2024,20/2/2024,0.385,0.39,0.395,0.37,2.17M,1.32%
02/19/2024,2,,,19,2024,19/2/2024,0.38,0.395,0.395,0.37,1.85M,-1.30%
02/16/2024,2,,,16,2024,16/2/2024,0.385,0.375,0.39,0.365,2.76M,5.48%
02/15/2024,2,,,15,2024,15/2/2024,0.365,0.37,0.375,0.365,411.20K,-1.35%
02/14/2024,2,,,14,2024,14/2/2024,0.37,0.365,0.375,0.36,509.73K,-1.33%
02-09-2024,2,9,2024,,,9/2/2024,0.375,0.36,0.375,0.36,249.47K,0.00%
02-08-2024,2,8,2024,,,8/2/2024,0.375,0.385,0.385,0.36,1.05M,0.00%
02-07-2024,2,7,2024,,,7/2/2024,0.375,0.375,0.385,0.365,2.06M,0.00%
02-06-2024,2,6,2024,,,6/2/2024,0.375,0.365,0.38,0.355,1.53M,4.17%
02-05-2024,2,5,2024,,,5/2/2024,0.36,0.36,0.365,0.345,1.13M,0.00%
02-02-2024,2,2,2024,,,2/2/2024,0.36,0.37,0.37,0.35,575.91K,0.00%
02-01-2024,2,1,2024,,,1/2/2024,0.36,0.37,0.37,0.355,982.38K,0.00%
01/31/2024,1,,,31,2024,31/1/2024,0.36,0.37,0.37,0.36,956.73K,-2.70%
01/30/2024,1,,,30,2024,30/1/2024,0.37,0.38,0.38,0.365,362.37K,-2.63%
01/29/2024,1,,,29,2024,29/1/2024,0.38,0.39,0.39,0.365,1.06M,2.70%
01/26/2024,1,,,26,2024,26/1/2024,0.37,0.405,0.41,0.37,2.04M,-8.64%
01/25/2024,1,,,25,2024,25/1/2024,0.405,0.39,0.405,0.375,3.21M,5.19%
01/24/2024,1,,,24,2024,24/1/2024,0.385,0.385,0.385,0.365,1.10M,2.67%
01/23/2024,1,,,23,2024,23/1/2024,0.375,0.375,0.38,0.36,839.98K,1.35%
01/22/2024,1,,,22,2024,22/1/2024,0.37,0.4,0.4,0.355,2.99M,-3.90%
01/19/2024,1,,,19,2024,19/1/2024,0.385,0.4,0.4,0.375,2.06M,-2.53%
01/18/2024,1,,,18,2024,18/1/2024,0.395,0.375,0.395,0.37,3.10M,5.33%
01/17/2024,1,,,17,2024,17/1/2024,0.375,0.37,0.385,0.36,5.85M,4.17%
01/16/2024,1,,,16,2024,16/1/2024,0.36,0.425,0.43,0.36,5.90M,-16.28%
01/15/2024,1,,,15,2024,15/1/2024,0.43,0.435,0.45,0.42,3.34M,0.00%
01-12-2024,1,12,2024,,,12/1/2024,0.43,0.425,0.435,0.415,3.16M,2.38%
01-11-2024,1,11,2024,,,11/1/2024,0.42,0.415,0.435,0.405,2.83M,3.70%
01-10-2024,1,10,2024,,,10/1/2024,0.405,0.425,0.435,0.39,6.73M,-5.81%
01-09-2024,1,9,2024,,,9/1/2024,0.43,0.425,0.445,0.42,5.06M,2.38%
01-08-2024,1,8,2024,,,8/1/2024,0.42,0.39,0.43,0.385,5.76M,7.69%
01-05-2024,1,5,2024,,,5/1/2024,0.39,0.38,0.395,0.37,4.12M,4.00%
01-04-2024,1,4,2024,,,4/1/2024,0.375,0.375,0.38,0.37,605.68K,1.35%
01-03-2024,1,3,2024,,,3/1/2024,0.37,0.375,0.385,0.37,1.50M,0.00%
01-02-2024,1,2,2024,,,2/1/2024,0.37,0.36,0.385,0.36,2.25M,0.00%
12/29/2023,12,,,29,2023,29/12/2023,0.37,0.345,0.375,0.34,5.45M,10.45%
12/28/2023,12,,,28,2023,28/12/2023,0.335,0.32,0.34,0.315,5.69M,6.35%
12/27/2023,12,,,27,2023,27/12/2023,0.315,0.335,0.335,0.315,2.90M,-5.97%
12/22/2023,12,,,22,2023,22/12/2023,0.335,0.35,0.35,0.335,1.86M,-2.90%
12/21/2023,12,,,21,2023,21/12/2023,0.345,0.35,0.355,0.34,827.93K,-1.43%
12/20/2023,12,,,20,2023,20/12/2023,0.35,0.355,0.355,0.35,663.08K,0.00%
12/19/2023,12,,,19,2023,19/12/2023,0.35,0.355,0.355,0.35,526.59K,-2.78%
12/18/2023,12,,,18,2023,18/12/2023,0.36,0.35,0.36,0.35,1.68M,1.41%
12/15/2023,12,,,15,2023,15/12/2023,0.355,0.36,0.37,0.35,1.54M,1.43%
12/14/2023,12,,,14,2023,14/12/2023,0.35,0.36,0.365,0.345,1.78M,-1.41%
12/13/2023,12,,,13,2023,13/12/2023,0.355,0.365,0.365,0.35,551.39K,-2.74%
12-12-2023,12,12,2023,,,12/12/2023,0.365,0.36,0.365,0.35,1.27M,1.39%
12-11-2023,12,11,2023,,,11/12/2023,0.36,0.36,0.365,0.355,1.23M,0.00%
12-08-2023,12,8,2023,,,8/12/2023,0.36,0.355,0.37,0.355,557.03K,-1.37%
12-07-2023,12,7,2023,,,7/12/2023,0.365,0.365,0.365,0.355,376.61K,0.00%
12-06-2023,12,6,2023,,,6/12/2023,0.365,0.355,0.365,0.355,653.16K,1.39%
12-05-2023,12,5,2023,,,5/12/2023,0.36,0.365,0.37,0.36,2.47M,-1.37%
12-04-2023,12,4,2023,,,4/12/2023,0.365,0.38,0.38,0.365,1.20M,-3.95%
12-01-2023,12,1,2023,,,1/12/2023,0.38,0.375,0.38,0.37,1.22M,1.33%
11/30/2023,11,,,30,2023,30/11/2023,0.375,0.395,0.395,0.375,1.10M,-1.32%
11/29/2023,11,,,29,2023,29/11/2023,0.38,0.415,0.415,0.37,5.95M,-6.17%
11/28/2023,11,,,28,2023,28/11/2023,0.405,0.42,0.42,0.405,975.23K,0.00%
11/27/2023,11,,,27,2023,27/11/2023,0.405,0.42,0.43,0.405,1.40M,-3.57%
11/24/2023,11,,,24,2023,24/11/2023,0.42,0.425,0.435,0.415,1.33M,-1.18%
11/23/2023,11,,,23,2023,23/11/2023,0.425,0.405,0.425,0.395,3.16M,3.66%
11/22/2023,11,,,22,2023,22/11/2023,0.41,0.395,0.415,0.395,1.80M,2.50%
11/21/2023,11,,,21,2023,21/11/2023,0.4,0.43,0.43,0.4,1.53M,-3.61%
11/20/2023,11,,,20,2023,20/11/2023,0.415,0.38,0.44,0.38,4.50M,9.21%
11/17/2023,11,,,17,2023,17/11/2023,0.38,0.4,0.4,0.375,3.51M,-5.00%
11/16/2023,11,,,16,2023,16/11/2023,0.4,0.395,0.4,0.39,1.20M,1.27%
11/15/2023,11,,,15,2023,15/11/2023,0.395,0.405,0.415,0.39,4.12M,-2.47%
11/14/2023,11,,,14,2023,14/11/2023,0.405,0.41,0.41,0.395,2.58M,-2.41%
11/13/2023,11,,,13,2023,13/11/2023,0.415,0.42,0.42,0.4,1.17M,-2.35%
11-10-2023,11,10,2023,,,10/11/2023,0.425,0.43,0.43,0.415,1.61M,-2.30%
11-09-2023,11,9,2023,,,9/11/2023,0.435,0.425,0.435,0.425,926.65K,2.35%
11-08-2023,11,8,2023,,,8/11/2023,0.425,0.43,0.44,0.425,996.23K,-1.16%
11-07-2023,11,7,2023,,,7/11/2023,0.43,0.445,0.445,0.43,719.45K,-2.27%
11-06-2023,11,6,2023,,,6/11/2023,0.44,0.435,0.44,0.43,1.37M,2.33%
11-03-2023,11,3,2023,,,3/11/2023,0.43,0.425,0.435,0.42,2.15M,1.18%
11-02-2023,11,2,2023,,,2/11/2023,0.425,0.445,0.445,0.425,896.94K,-1.16%
11-01-2023,11,1,2023,,,1/11/2023,0.43,0.425,0.44,0.425,933.84K,0.00%
10/31/2023,10,,,31,2023,31/10/2023,0.43,0.45,0.45,0.425,1.30M,-1.15%
10/30/2023,10,,,30,2023,30/10/2023,0.435,0.44,0.45,0.435,1.76M,-3.33%
10/27/2023,10,,,27,2023,27/10/2023,0.45,0.43,0.45,0.43,906.21K,2.27%
10/26/2023,10,,,26,2023,26/10/2023,0.44,0.44,0.465,0.435,2.76M,2.33%
10/25/2023,10,,,25,2023,25/10/2023,0.43,0.425,0.445,0.425,1.15M,0.00%
10/24/2023,10,,,24,2023,24/10/2023,0.43,0.45,0.455,0.425,4.95M,-5.49%
10/20/2023,10,,,20,2023,20/10/2023,0.455,0.47,0.47,0.445,1.19M,-1.09%
10/19/2023,10,,,19,2023,19/10/2023,0.46,0.465,0.47,0.46,791.32K,-1.08%
10/18/2023,10,,,18,2023,18/10/2023,0.465,0.475,0.475,0.46,2.27M,0.00%
10/17/2023,10,,,17,2023,17/10/2023,0.465,0.475,0.48,0.465,3.58M,-2.11%
10/16/2023,10,,,16,2023,16/10/2023,0.475,0.485,0.495,0.47,2.18M,-2.06%
10/13/2023,10,,,13,2023,13/10/2023,0.485,0.495,0.56,0.485,11.81M,0.00%
10-12-2023,10,12,2023,,,12/10/2023,0.485,0.475,0.49,0.47,2.56M,2.11%
10-11-2023,10,11,2023,,,11/10/2023,0.475,0.48,0.485,0.47,989.11K,1.06%
10-10-2023,10,10,2023,,,10/10/2023,0.47,0.47,0.48,0.465,949.68K,0.00%
10-09-2023,10,9,2023,,,9/10/2023,0.47,0.47,0.475,0.465,557.05K,-1.05%
10-06-2023,10,6,2023,,,6/10/2023,0.475,0.485,0.485,0.475,330.50K,0.00%
10-05-2023,10,5,2023,,,5/10/2023,0.475,0.485,0.485,0.47,460.18K,0.00%
10-04-2023,10,4,2023,,,4/10/2023,0.475,0.47,0.48,0.46,1.24M,1.06%
10-03-2023,10,3,2023,,,3/10/2023,0.47,0.475,0.48,0.465,1.37M,-2.08%
09/29/2023,9,,,29,2023,29/9/2023,0.48,0.48,0.49,0.475,429.91K,0.00%
09/28/2023,9,,,28,2023,28/9/2023,0.48,0.49,0.49,0.48,1.35M,-2.04%
09/27/2023,9,,,27,2023,27/9/2023,0.49,0.48,0.495,0.47,1.47M,2.08%
09/26/2023,9,,,26,2023,26/9/2023,0.48,0.475,0.485,0.475,1.26M,0.00%
09/25/2023,9,,,25,2023,25/9/2023,0.48,0.49,0.49,0.475,1.09M,-1.03%
09/22/2023,9,,,22,2023,22/9/2023,0.485,0.475,0.49,0.475,674.25K,1.04%
09/21/2023,9,,,21,2023,21/9/2023,0.48,0.49,0.49,0.475,1.43M,-2.04%
09/20/2023,9,,,20,2023,20/9/2023,0.49,0.48,0.49,0.475,959.00K,2.08%
09/19/2023,9,,,19,2023,19/9/2023,0.48,0.495,0.495,0.48,1.08M,0.00%
09/18/2023,9,,,18,2023,18/9/2023,0.48,0.495,0.5,0.48,2.84M,-3.03%
09/15/2023,9,,,15,2023,15/9/2023,0.495,0.485,0.51,0.485,2.05M,1.02%
09/14/2023,9,,,14,2023,14/9/2023,0.49,0.49,0.5,0.485,1.31M,-1.01%
09/13/2023,9,,,13,2023,13/9/2023,0.495,0.52,0.52,0.495,3.28M,-1.00%
09-12-2023,9,12,2023,,,12/9/2023,0.5,0.52,0.53,0.5,3.13M,-3.85%
09-11-2023,9,11,2023,,,11/9/2023,0.52,0.52,0.54,0.5,3.82M,0.00%
09-07-2023,9,7,2023,,,7/9/2023,0.52,0.51,0.52,0.5,2.36M,0.00%
09-06-2023,9,6,2023,,,6/9/2023,0.52,0.5,0.52,0.5,2.23M,4.00%
09-05-2023,9,5,2023,,,5/9/2023,0.5,0.51,0.52,0.5,1.54M,0.00%
09-04-2023,9,4,2023,,,4/9/2023,0.5,0.5,0.52,0.495,3.40M,1.01%
08/31/2023,8,,,31,2023,31/8/2023,0.495,0.48,0.495,0.48,1.43M,3.13%
08/30/2023,8,,,30,2023,30/8/2023,0.48,0.52,0.52,0.47,9.95M,-4.00%
08/29/2023,8,,,29,2023,29/8/2023,0.5,0.53,0.54,0.5,7.06M,-5.66%
08/28/2023,8,,,28,2023,28/8/2023,0.53,0.55,0.57,0.52,3.96M,-1.85%
08/25/2023,8,,,25,2023,25/8/2023,0.54,0.54,0.55,0.53,1.33M,-1.82%
08/24/2023,8,,,24,2023,24/8/2023,0.55,0.55,0.56,0.54,1.19M,3.77%
08/23/2023,8,,,23,2023,23/8/2023,0.53,0.55,0.55,0.52,991.26K,-1.85%
08/22/2023,8,,,22,2023,22/8/2023,0.54,0.54,0.55,0.52,2.74M,0.00%
08/21/2023,8,,,21,2023,21/8/2023,0.54,0.56,0.57,0.54,4.11M,-5.26%
08/18/2023,8,,,18,2023,18/8/2023,0.57,0.58,0.58,0.56,2.03M,-1.72%
08/17/2023,8,,,17,2023,17/8/2023,0.58,0.57,0.58,0.55,2.49M,0.00%
08/16/2023,8,,,16,2023,16/8/2023,0.58,0.58,0.59,0.56,4.14M,0.00%
08/15/2023,8,,,15,2023,15/8/2023,0.58,0.58,0.59,0.57,1.74M,0.00%
08/14/2023,8,,,14,2023,14/8/2023,0.58,0.58,0.6,0.56,5.35M,-3.33%
08-11-2023,8,11,2023,,,11/8/2023,0.6,0.6,0.61,0.57,4.98M,0.00%
08-10-2023,8,10,2023,,,10/8/2023,0.6,0.59,0.61,0.59,1.87M,0.00%
08-09-2023,8,9,2023,,,9/8/2023,0.6,0.59,0.6,0.58,1.40M,1.69%
08-08-2023,8,8,2023,,,8/8/2023,0.59,0.62,0.62,0.57,6.47M,-4.84%
08-07-2023,8,7,2023,,,7/8/2023,0.62,0.62,0.63,0.6,2.42M,-1.59%
08-04-2023,8,4,2023,,,4/8/2023,0.63,0.67,0.68,0.61,11.16M,-4.55%
08-03-2023,8,3,2023,,,3/8/2023,0.66,0.66,0.69,0.65,8.19M,0.00%
08-02-2023,8,2,2023,,,2/8/2023,0.66,0.66,0.67,0.63,5.75M,-1.49%
08-01-2023,8,1,2023,,,1/8/2023,0.67,0.6,0.68,0.6,16.96M,11.67%
07/31/2023,7,,,31,2023,31/7/2023,0.6,0.56,0.6,0.56,4.74M,7.14%
07/28/2023,7,,,28,2023,28/7/2023,0.56,0.57,0.59,0.56,5.59M,-3.45%
07/27/2023,7,,,27,2023,27/7/2023,0.58,0.59,0.6,0.58,1.47M,-1.69%
07/26/2023,7,,,26,2023,26/7/2023,0.59,0.58,0.59,0.57,1.09M,1.72%
07/25/2023,7,,,25,2023,25/7/2023,0.58,0.6,0.6,0.57,3.38M,0.00%
07/24/2023,7,,,24,2023,24/7/2023,0.58,0.58,0.6,0.57,3.89M,-3.33%
07/21/2023,7,,,21,2023,21/7/2023,0.6,0.6,0.6,0.58,1.96M,0.00%
07/20/2023,7,,,20,2023,20/7/2023,0.6,0.59,0.63,0.58,7.80M,1.69%
07/19/2023,7,,,19,2023,19/7/2023,0.59,0.56,0.6,0.55,6.65M,3.51%
07/18/2023,7,,,18,2023,18/7/2023,0.57,0.55,0.57,0.55,1.59M,0.00%
07/14/2023,7,,,14,2023,14/7/2023,0.57,0.56,0.57,0.55,2.48M,1.79%
07/13/2023,7,,,13,2023,13/7/2023,0.56,0.56,0.59,0.54,7.25M,0.00%
07-12-2023,7,12,2023,,,12/7/2023,0.56,0.54,0.57,0.54,4.41M,1.82%
07-11-2023,7,11,2023,,,11/7/2023,0.55,0.54,0.56,0.53,2.73M,-1.79%
07-10-2023,7,10,2023,,,10/7/2023,0.56,0.57,0.58,0.54,3.16M,-1.75%
07-07-2023,7,7,2023,,,7/7/2023,0.57,0.58,0.58,0.55,1.57M,-1.72%
07-06-2023,7,6,2023,,,6/7/2023,0.58,0.55,0.59,0.52,9.34M,3.57%
07-05-2023,7,5,2023,,,5/7/2023,0.56,0.56,0.57,0.55,2.97M,0.00%
07-04-2023,7,4,2023,,,4/7/2023,0.56,0.56,0.57,0.54,2.49M,1.82%
07-03-2023,7,3,2023,,,3/7/2023,0.55,0.53,0.57,0.52,4.63M,3.77%
06/30/2023,6,,,30,2023,30/6/2023,0.53,0.54,0.54,0.52,1.06M,-1.85%
06/29/2023,6,,,29,2023,29/6/2023,0.54,0.54,0.54,0.52,1.16M,0.00%
06/28/2023,6,,,28,2023,28/6/2023,0.54,0.53,0.56,0.52,2.70M,0.00%
06/27/2023,6,,,27,2023,27/6/2023,0.54,0.52,0.56,0.52,3.45M,3.85%
06/26/2023,6,,,26,2023,26/6/2023,0.52,0.54,0.54,0.5,2.65M,-1.89%
06/23/2023,6,,,23,2023,23/6/2023,0.53,0.53,0.54,0.51,1.80M,-1.85%
06/21/2023,6,,,21,2023,21/6/2023,0.54,0.6,0.6,0.52,10.37M,-12.90%
06/20/2023,6,,,20,2023,20/6/2023,0.62,0.61,0.64,0.59,6.91M,1.64%
06/19/2023,6,,,19,2023,19/6/2023,0.61,0.56,0.63,0.54,16.38M,8.93%
06/16/2023,6,,,16,2023,16/6/2023,0.56,0.485,0.62,0.485,27.27M,14.29%
06/15/2023,6,,,15,2023,15/6/2023,0.49,0.485,0.5,0.48,1.73M,2.08%
06/14/2023,6,,,14,2023,14/6/2023,0.48,0.485,0.495,0.48,601.32K,-2.04%
06/13/2023,6,,,13,2023,13/6/2023,0.49,0.48,0.5,0.48,2.46M,2.08%
06-12-2023,6,12,2023,,,12/6/2023,0.48,0.475,0.485,0.465,1.23M,2.13%
06-09-2023,6,9,2023,,,9/6/2023,0.47,0.465,0.48,0.46,1.36M,1.08%
06-08-2023,6,8,2023,,,8/6/2023,0.465,0.47,0.48,0.46,2.74M,-4.12%
06-07-2023,6,7,2023,,,7/6/2023,0.485,0.495,0.495,0.465,4.28M,-1.02%
06-06-2023,6,6,2023,,,6/6/2023,0.49,0.495,0.5,0.48,3.74M,-2.00%
06-05-2023,6,5,2023,,,5/6/2023,0.5,0.51,0.51,0.49,2.99M,-1.96%
06-02-2023,6,2,2023,,,2/6/2023,0.51,0.51,0.51,0.48,6.06M,2.00%
06-01-2023,6,1,2023,,,1/6/2023,0.5,0.5,0.53,0.5,3.14M,-1.96%
05/31/2023,5,,,31,2023,31/5/2023,0.51,0.52,0.52,0.5,2.33M,-1.92%
05/30/2023,5,,,30,2023,30/5/2023,0.52,0.52,0.53,0.5,1.68M,0.00%
05/29/2023,5,,,29,2023,29/5/2023,0.52,0.55,0.55,0.51,3.49M,-5.45%
05/25/2023,5,,,25,2023,25/5/2023,0.55,0.57,0.57,0.54,3.09M,-3.51%
05/24/2023,5,,,24,2023,24/5/2023,0.57,0.58,0.58,0.55,1.66M,-1.72%
05/23/2023,5,,,23,2023,23/5/2023,0.58,0.6,0.6,0.57,2.60M,-1.69%
05/22/2023,5,,,22,2023,22/5/2023,0.59,0.59,0.61,0.58,3.76M,1.72%
05/19/2023,5,,,19,2023,19/5/2023,0.58,0.56,0.6,0.54,3.49M,3.57%
05/18/2023,5,,,18,2023,18/5/2023,0.56,0.59,0.59,0.54,2.72M,-1.75%
05/17/2023,5,,,17,2023,17/5/2023,0.57,0.59,0.59,0.57,1.11M,-3.39%
05/16/2023,5,,,16,2023,16/5/2023,0.59,0.61,0.62,0.58,3.64M,-3.28%
05/15/2023,5,,,15,2023,15/5/2023,0.61,0.62,0.62,0.58,3.34M,-1.61%
05-12-2023,5,12,2023,,,12/5/2023,0.62,0.64,0.65,0.6,3.24M,-3.12%
05-11-2023,5,11,2023,,,11/5/2023,0.64,0.61,0.67,0.59,7.42M,4.92%
05-10-2023,5,10,2023,,,10/5/2023,0.61,0.7,0.73,0.58,20.98M,-8.96%
05-09-2023,5,9,2023,,,9/5/2023,0.67,0.52,0.72,0.52,24.65M,26.42%
05-08-2023,5,8,2023,,,8/5/2023,0.53,0.53,0.56,0.52,2.83M,0.00%
05-05-2023,5,5,2023,,,5/5/2023,0.53,0.5,0.54,0.5,2.21M,6.00%
05-04-2023,5,4,2023,,,4/5/2023,0.5,0.495,0.52,0.49,1.45M,1.01%
05-03-2023,5,3,2023,,,3/5/2023,0.495,0.52,0.52,0.485,3.13M,-4.81%
05-02-2023,5,2,2023,,,2/5/2023,0.52,0.53,0.54,0.51,2.56M,0.00%
04/28/2023,4,,,28,2023,28/4/2023,0.52,0.55,0.56,0.52,7.01M,-3.70%
04/27/2023,4,,,27,2023,27/4/2023,0.54,0.55,0.56,0.54,2.10M,-1.82%
04/26/2023,4,,,26,2023,26/4/2023,0.55,0.53,0.57,0.52,3.61M,5.77%
04/25/2023,4,,,25,2023,25/4/2023,0.52,0.55,0.56,0.52,1.56M,-3.70%
04/24/2023,4,,,24,2023,24/4/2023,0.54,0.54,0.56,0.53,2.87M,0.00%
04/21/2023,4,,,21,2023,21/4/2023,0.54,0.57,0.57,0.54,9.14M,-6.90%
04/20/2023,4,,,20,2023,20/4/2023,0.58,0.59,0.59,0.57,2.62M,-1.69%
04/19/2023,4,,,19,2023,19/4/2023,0.59,0.62,0.62,0.59,4.88M,-4.84%
04/18/2023,4,,,18,2023,18/4/2023,0.62,0.64,0.64,0.61,4.29M,-4.62%
04/17/2023,4,,,17,2023,17/4/2023,0.65,0.62,0.66,0.61,5.47M,4.84%
04/14/2023,4,,,14,2023,14/4/2023,0.62,0.6,0.62,0.59,2.85M,5.08%
04/13/2023,4,,,13,2023,13/4/2023,0.59,0.62,0.62,0.58,4.54M,-4.84%
04-12-2023,4,12,2023,,,12/4/2023,0.62,0.62,0.62,0.61,1.75M,0.00%
04-11-2023,4,11,2023,,,11/4/2023,0.62,0.63,0.64,0.62,3.71M,-1.59%
04-06-2023,4,6,2023,,,6/4/2023,0.63,0.66,0.66,0.62,5.01M,-4.55%
04-04-2023,4,4,2023,,,4/4/2023,0.66,0.69,0.69,0.63,5.67M,-4.35%
04-03-2023,4,3,2023,,,3/4/2023,0.69,0.67,0.71,0.67,3.98M,2.99%
03/31/2023,3,,,31,2023,31/3/2023,0.67,0.65,0.69,0.65,6.06M,4.69%
03/30/2023,3,,,30,2023,30/3/2023,0.64,0.67,0.7,0.62,8.33M,-4.48%
03/29/2023,3,,,29,2023,29/3/2023,0.67,0.68,0.71,0.65,5.75M,-1.47%
03/28/2023,3,,,28,2023,28/3/2023,0.68,0.7,0.71,0.64,4.08M,-2.86%
03/27/2023,3,,,27,2023,27/3/2023,0.7,0.73,0.73,0.62,5.62M,-4.11%
03/24/2023,3,,,24,2023,24/3/2023,0.73,0.73,0.74,0.71,1.87M,-1.35%
03/23/2023,3,,,23,2023,23/3/2023,0.74,0.76,0.76,0.71,5.05M,-3.90%
03/22/2023,3,,,22,2023,22/3/2023,0.77,0.77,0.82,0.75,5.02M,0.00%
03/21/2023,3,,,21,2023,21/3/2023,0.77,0.71,0.78,0.71,3.46M,5.48%
03/20/2023,3,,,20,2023,20/3/2023,0.73,0.8,0.81,0.62,13.50M,-9.88%
03/17/2023,3,,,17,2023,17/3/2023,0.81,0.87,0.89,0.81,47.23M,-4.71%
03/16/2023,3,,,16,2023,16/3/2023,0.85,0.81,0.9,0.81,2.69M,1.19%
03/15/2023,3,,,15,2023,15/3/2023,0.84,0.83,0.87,0.82,2.03M,1.20%
03/14/2023,3,,,14,2023,14/3/2023,0.83,0.88,0.88,0.82,2.89M,-6.74%
03/13/2023,3,,,13,2023,13/3/2023,0.89,0.84,0.91,0.84,1.73M,0.00%
03-10-2023,3,10,2023,,,10/3/2023,0.89,0.91,0.91,0.79,5.20M,-4.30%
03-09-2023,3,9,2023,,,9/3/2023,0.93,1,1,0.93,3.52M,-7.00%
03-08-2023,3,8,2023,,,8/3/2023,1,1.01,1.01,0.98,2.18M,-1.96%
03-07-2023,3,7,2023,,,7/3/2023,1.02,1.02,1.03,1.01,1.33M,-0.97%
03-06-2023,3,6,2023,,,6/3/2023,1.03,1.06,1.06,1.02,2.24M,-1.90%
03-03-2023,3,3,2023,,,3/3/2023,1.05,1.05,1.05,1.02,1.31M,1.94%
03-02-2023,3,2,2023,,,2/3/2023,1.03,1.05,1.05,1.02,1.06M,-1.90%
03-01-2023,3,1,2023,,,1/3/2023,1.05,1.01,1.06,1.01,2.51M,1.94%
02/28/2023,2,,,28,2023,28/2/2023,1.03,1.02,1.03,0.99,1.84M,0.98%
02/27/2023,2,,,27,2023,27/2/2023,1.02,1.01,1.03,0.99,2.93M,0.99%
02/24/2023,2,,,24,2023,24/2/2023,1.01,1.04,1.04,1.01,2.61M,-3.81%
02/23/2023,2,,,23,2023,23/2/2023,1.05,1.06,1.06,1.03,2.39M,-1.87%
02/22/2023,2,,,22,2023,22/2/2023,1.07,1.05,1.1,1.05,1.88M,0.94%
02/21/2023,2,,,21,2023,21/2/2023,1.06,1.07,1.1,1.06,2.53M,-0.93%
02/20/2023,2,,,20,2023,20/2/2023,1.07,1.05,1.08,1.05,1.09M,1.90%
02/17/2023,2,,,17,2023,17/2/2023,1.05,1.05,1.07,1.04,2.04M,-0.94%
02/16/2023,2,,,16,2023,16/2/2023,1.06,1.07,1.1,1.05,2.61M,0.95%
02/15/2023,2,,,15,2023,15/2/2023,1.05,1.08,1.08,1.05,2.16M,-2.78%
02/14/2023,2,,,14,2023,14/2/2023,1.08,1.08,1.1,1.08,1.27M,-0.92%
02/13/2023,2,,,13,2023,13/2/2023,1.09,1.08,1.09,1.04,1.95M,0.00%
02-10-2023,2,10,2023,,,10/2/2023,1.09,1.12,1.12,1.08,2.55M,-2.68%
02-09-2023,2,9,2023,,,9/2/2023,1.12,1.09,1.13,1.07,4.90M,1.82%
02-08-2023,2,8,2023,,,8/2/2023,1.1,1.14,1.14,1.09,5.06M,-3.51%
02-07-2023,2,7,2023,,,7/2/2023,1.14,1.15,1.16,1.12,4.47M,-0.87%
02-06-2023,2,6,2023,,,6/2/2023,1.15,1.21,1.21,1.13,6.10M,-3.36%
02-03-2023,2,3,2023,,,3/2/2023,1.19,1.18,1.2,1.17,3.49M,0.00%
02-02-2023,2,2,2023,,,2/2/2023,1.19,1.25,1.27,1.19,9.37M,-4.80%
02-01-2023,2,1,2023,,,1/2/2023,1.25,1.18,1.27,1.18,10.85M,6.84%
01/31/2023,1,,,31,2023,31/1/2023,1.17,1.2,1.2,1.16,3.39M,-2.50%
01/30/2023,1,,,30,2023,30/1/2023,1.2,1.23,1.23,1.18,8.58M,-2.44%
01/27/2023,1,,,27,2023,27/1/2023,1.23,1.25,1.25,1.21,3.10M,-1.60%
01/26/2023,1,,,26,2023,26/1/2023,1.25,1.23,1.29,1.2,6.79M,1.63%
01/20/2023,1,,,20,2023,20/1/2023,1.23,1.19,1.24,1.17,3.85M,2.50%
01/19/2023,1,,,19,2023,19/1/2023,1.2,1.18,1.2,1.15,1.65M,0.84%
01/18/2023,1,,,18,2023,18/1/2023,1.19,1.17,1.2,1.16,4.09M,2.59%
01/17/2023,1,,,17,2023,17/1/2023,1.16,1.19,1.2,1.16,3.43M,-2.52%
01/16/2023,1,,,16,2023,16/1/2023,1.19,1.21,1.24,1.19,4.57M,-1.65%
01/13/2023,1,,,13,2023,13/1/2023,1.21,1.26,1.26,1.2,6.74M,-3.97%
01-12-2023,1,12,2023,,,12/1/2023,1.26,1.32,1.32,1.25,7.09M,-4.55%
01-11-2023,1,11,2023,,,11/1/2023,1.32,1.33,1.35,1.28,6.34M,0.00%
01-10-2023,1,10,2023,,,10/1/2023,1.32,1.31,1.34,1.3,5.41M,0.00%
01-09-2023,1,9,2023,,,9/1/2023,1.32,1.37,1.39,1.31,7.08M,-2.94%
01-06-2023,1,6,2023,,,6/1/2023,1.36,1.33,1.43,1.32,13.66M,2.26%
01-05-2023,1,5,2023,,,5/1/2023,1.33,1.3,1.42,1.3,14.86M,2.31%
01-04-2023,1,4,2023,,,4/1/2023,1.3,1.35,1.35,1.27,9.25M,-2.99%
01-03-2023,1,3,2023,,,3/1/2023,1.34,1.27,1.35,1.23,6.15M,4.69%
12/30/2022,12,,,30,2022,30/12/2022,1.28,1.25,1.29,1.25,2.58M,2.40%
12/29/2022,12,,,29,2022,29/12/2022,1.25,1.29,1.33,1.24,3.42M,-3.10%
12/28/2022,12,,,28,2022,28/12/2022,1.29,1.21,1.35,1.21,13.62M,6.61%
12/23/2022,12,,,23,2022,23/12/2022,1.21,1.19,1.24,1.19,2.84M,0.83%
12/22/2022,12,,,22,2022,22/12/2022,1.2,1.17,1.33,1.15,14.73M,2.56%
12/21/2022,12,,,21,2022,21/12/2022,1.17,1.22,1.26,1.16,11.08M,-3.31%
12/20/2022,12,,,20,2022,20/12/2022,1.21,1.27,1.27,1.18,8.15M,-4.72%
12/19/2022,12,,,19,2022,19/12/2022,1.27,1.35,1.45,1.26,24.47M,-5.93%
12/16/2022,12,,,16,2022,16/12/2022,1.35,1.12,1.38,1.08,67.41M,20.54%
12/15/2022,12,,,15,2022,15/12/2022,1.12,1.22,1.24,1.1,16.11M,-8.20%
12/14/2022,12,,,14,2022,14/12/2022,1.22,1.19,1.25,1.16,15.55M,2.52%
12/13/2022,12,,,13,2022,13/12/2022,1.19,1.23,1.26,1.16,15.04M,-2.46%
12-12-2022,12,12,2022,,,12/12/2022,1.22,1.05,1.24,1.05,34.98M,15.09%
12-09-2022,12,9,2022,,,9/12/2022,1.06,1.08,1.11,1.03,7.91M,0.00%
12-08-2022,12,8,2022,,,8/12/2022,1.06,1.03,1.1,1.02,12.00M,2.91%
12-07-2022,12,7,2022,,,7/12/2022,1.03,1.09,1.11,1.03,7.70M,-6.36%
12-06-2022,12,6,2022,,,6/12/2022,1.1,1.13,1.13,1.06,8.28M,-4.35%
12-05-2022,12,5,2022,,,5/12/2022,1.15,1.14,1.17,1.12,6.51M,1.77%
12-02-2022,12,2,2022,,,2/12/2022,1.13,1.16,1.19,1.12,5.52M,-2.59%
12-01-2022,12,1,2022,,,1/12/2022,1.16,1.2,1.22,1.16,7.78M,0.00%
11/30/2022,11,,,30,2022,30/11/2022,1.16,1.15,1.25,1.13,23.02M,0.87%
11/29/2022,11,,,29,2022,29/11/2022,1.15,1.15,1.2,1.11,9.79M,1.77%
11/28/2022,11,,,28,2022,28/11/2022,1.13,1.12,1.14,1.04,3.44M,-1.74%
11/25/2022,11,,,25,2022,25/11/2022,1.15,1.18,1.2,1.11,5.40M,0.00%
11/24/2022,11,,,24,2022,24/11/2022,1.15,1.22,1.22,1.14,5.59M,-4.17%
11/23/2022,11,,,23,2022,23/11/2022,1.2,1.24,1.26,1.17,6.67M,0.00%
11/22/2022,11,,,22,2022,22/11/2022,1.2,1.29,1.33,1.18,14.09M,-6.98%
11/21/2022,11,,,21,2022,21/11/2022,1.29,1.06,1.29,0.99,17.25M,17.27%
11/18/2022,11,,,18,2022,18/11/2022,1.1,1.21,1.22,1.07,9.54M,-5.98%
11/17/2022,11,,,17,2022,17/11/2022,1.17,1.19,1.22,1.12,9.01M,-4.10%
11/16/2022,11,,,16,2022,16/11/2022,1.22,1.2,1.38,1.16,21.10M,-2.40%
11/15/2022,11,,,15,2022,15/11/2022,1.25,1.08,1.43,1.07,49.92M,20.19%
11/14/2022,11,,,14,2022,14/11/2022,1.04,0.72,1.05,0.72,22.44M,44.44%
11-11-2022,11,11,2022,,,11/11/2022,0.72,0.7,0.72,0.68,5.94M,4.35%
11-10-2022,11,10,2022,,,10/11/2022,0.69,0.7,0.7,0.65,5.06M,-1.43%
11-09-2022,11,9,2022,,,9/11/2022,0.7,0.7,0.74,0.69,5.13M,0.00%
11-08-2022,11,8,2022,,,8/11/2022,0.7,0.72,0.73,0.69,4.04M,-1.41%
11-07-2022,11,7,2022,,,7/11/2022,0.71,0.67,0.72,0.66,10.90M,5.97%
11-04-2022,11,4,2022,,,4/11/2022,0.67,0.67,0.69,0.65,9.66M,-1.47%
11-03-2022,11,3,2022,,,3/11/2022,0.68,0.76,0.76,0.65,6.14M,-6.85%
11-02-2022,11,2,2022,,,2/11/2022,0.73,0.59,0.76,0.56,10.33M,28.07%
11-01-2022,11,1,2022,,,1/11/2022,0.57,0.52,0.59,0.52,6.49M,7.55%
10/31/2022,10,,,31,2022,31/10/2022,0.53,0.65,0.66,0.52,9.34M,-22.06%
10/28/2022,10,,,28,2022,28/10/2022,0.68,0.72,0.72,0.64,9.88M,-5.56%
10/27/2022,10,,,27,2022,27/10/2022,0.72,0.76,0.78,0.7,7.06M,2.86%
10/26/2022,10,,,26,2022,26/10/2022,0.7,0.7,0.76,0.68,6.52M,0.00%
10/25/2022,10,,,25,2022,25/10/2022,0.7,0.66,0.72,0.64,6.94M,6.06%
10/24/2022,10,,,24,2022,24/10/2022,0.66,0.74,0.78,0.64,12.84M,-10.81%
10/21/2022,10,,,21,2022,21/10/2022,0.74,0.58,0.8,0.58,23.31M,23.33%
10/20/2022,10,,,20,2022,20/10/2022,0.6,0.68,0.7,0.6,16.58M,-14.29%
10/19/2022,10,,,19,2022,19/10/2022,0.7,0.78,0.8,0.7,17.92M,-10.26%
10/18/2022,10,,,18,2022,18/10/2022,0.78,0.78,0.8,0.74,8.85M,2.63%
10/17/2022,10,,,17,2022,17/10/2022,0.76,0.78,0.8,0.74,9.09M,-2.56%
10/14/2022,10,,,14,2022,14/10/2022,0.78,0.84,0.84,0.76,18.85M,-2.50%
10/13/2022,10,,,13,2022,13/10/2022,0.8,0.76,0.84,0.74,33.59M,8.11%
10-12-2022,10,12,2022,,,12/10/2022,0.74,1.02,1.06,0.74,79.69M,-38.33%
10-11-2022,10,11,2022,,,11/10/2022,1.2,1.36,1.38,1.2,9.68M,-14.29%
10-10-2022,10,10,2022,,,10/10/2022,1.4,1.54,1.54,1.36,3.75M,-9.09%
10-07-2022,10,7,2022,,,7/10/2022,1.54,1.58,1.62,1.5,3.31M,-4.94%
10-06-2022,10,6,2022,,,6/10/2022,1.62,1.64,1.68,1.6,2.04M,0.00%
10-05-2022,10,5,2022,,,5/10/2022,1.62,1.62,1.74,1.58,4.41M,2.53%
10-03-2022,10,3,2022,,,3/10/2022,1.58,1.68,1.8,1.58,4.55M,-8.14%
09/30/2022,9,,,30,2022,30/9/2022,1.72,1.58,1.72,1.56,8.39M,8.86%
09/29/2022,9,,,29,2022,29/9/2022,1.58,1.62,1.64,1.48,7.72M,1.28%
09/28/2022,9,,,28,2022,28/9/2022,1.56,1.74,1.82,1.56,16.55M,-10.34%
09/27/2022,9,,,27,2022,27/9/2022,1.74,1.28,1.74,1.24,18.12M,45.00%
09/26/2022,9,,,26,2022,26/9/2022,1.2,1.24,1.28,1.2,2.36M,-3.23%
09/23/2022,9,,,23,2022,23/9/2022,1.24,1.28,1.3,1.2,2.64M,-1.59%
09/22/2022,9,,,22,2022,22/9/2022,1.26,1.32,1.36,1.26,5.51M,-5.97%
09/21/2022,9,,,21,2022,21/9/2022,1.34,1.38,1.42,1.32,3.85M,-5.63%
09/20/2022,9,,,20,2022,20/9/2022,1.42,1.32,1.44,1.32,3.17M,9.23%
09/19/2022,9,,,19,2022,19/9/2022,1.3,1.4,1.44,1.3,6.14M,-7.14%
09/16/2022,9,,,16,2022,16/9/2022,1.4,1.44,1.44,1.28,30.97M,1.45%
09/15/2022,9,,,15,2022,15/9/2022,1.38,1.48,1.54,1.38,10.62M,-6.76%
09/14/2022,9,,,14,2022,14/9/2022,1.48,1.5,1.64,1.44,6.74M,-1.33%
09/13/2022,9,,,13,2022,13/9/2022,1.5,1.66,1.68,1.5,11.76M,-9.64%
09-09-2022,9,9,2022,,,9/9/2022,1.66,1.7,1.7,1.62,3.66M,-2.35%
09-08-2022,9,8,2022,,,8/9/2022,1.7,1.6,1.76,1.58,6.58M,7.59%
09-07-2022,9,7,2022,,,7/9/2022,1.58,1.46,1.6,1.42,5.09M,8.22%
09-06-2022,9,6,2022,,,6/9/2022,1.46,1.44,1.62,1.42,11.62M,1.39%
09-05-2022,9,5,2022,,,5/9/2022,1.44,1.7,1.7,1.44,8.10M,-15.29%
09-02-2022,9,2,2022,,,2/9/2022,1.7,1.7,1.72,1.64,3.26M,0.00%
09-01-2022,9,1,2022,,,1/9/2022,1.7,1.72,1.82,1.64,5.57M,-3.41%
08/31/2022,8,,,31,2022,31/8/2022,1.76,2,2,1.56,25.72M,-17.76%
08/30/2022,8,,,30,2022,30/8/2022,2.14,2.34,2.34,2.1,8.48M,-6.96%
08/29/2022,8,,,29,2022,29/8/2022,2.3,2.46,2.46,2.3,3.00M,-6.50%
08/26/2022,8,,,26,2022,26/8/2022,2.46,2.42,2.48,2.4,947.80K,1.65%
08/25/2022,8,,,25,2022,25/8/2022,2.42,2.32,2.44,2.32,989.40K,4.31%
08/24/2022,8,,,24,2022,24/8/2022,2.32,2.5,2.52,2.32,2.18M,-7.20%
08/23/2022,8,,,23,2022,23/8/2022,2.5,2.46,2.58,2.44,2.52M,1.63%
08/22/2022,8,,,22,2022,22/8/2022,2.46,2.32,2.5,2.3,4.91M,7.89%
08/19/2022,8,,,19,2022,19/8/2022,2.28,2.26,2.34,2.22,4.45M,0.88%
08/18/2022,8,,,18,2022,18/8/2022,2.26,2.48,2.5,2.16,15.45M,-14.39%
08/17/2022,8,,,17,2022,17/8/2022,2.64,2.7,2.72,2.64,1.94M,-2.22%
08/16/2022,8,,,16,2022,16/8/2022,2.7,2.64,2.78,2.64,3.25M,2.27%
08/15/2022,8,,,15,2022,15/8/2022,2.64,2.64,2.68,2.6,1.43M,0.76%
08-12-2022,8,12,2022,,,12/8/2022,2.62,2.68,2.7,2.52,5.31M,-1.50%
08-11-2022,8,11,2022,,,11/8/2022,2.66,2.7,2.74,2.64,1.99M,-0.75%
08-10-2022,8,10,2022,,,10/8/2022,2.68,2.72,2.74,2.64,1.23M,-1.47%
08-09-2022,8,9,2022,,,9/8/2022,2.72,2.76,2.88,2.72,6.06M,-1.45%
08-08-2022,8,8,2022,,,8/8/2022,2.76,2.66,2.76,2.62,2.28M,2.99%
08-05-2022,8,5,2022,,,5/8/2022,2.68,2.68,2.68,2.62,1.41M,0.00%
08-04-2022,8,4,2022,,,4/8/2022,2.68,2.68,2.7,2.62,1.75M,1.52%
08-03-2022,8,3,2022,,,3/8/2022,2.64,2.58,2.66,2.54,3.10M,2.33%
08-02-2022,8,2,2022,,,2/8/2022,2.58,2.62,2.66,2.5,4.65M,-3.73%
08-01-2022,8,1,2022,,,1/8/2022,2.68,2.84,2.84,2.64,10.27M,-6.29%
07/29/2022,7,,,29,2022,29/7/2022,2.86,2.76,2.86,2.76,7.90M,3.62%
07/28/2022,7,,,28,2022,28/7/2022,2.76,2.94,3.02,2.64,165.56M,-19.77%
07/27/2022,7,,,27,2022,27/7/2022,3.44,3.48,3.5,3.42,945.50K,0.00%
07/26/2022,7,,,26,2022,26/7/2022,3.44,3.38,3.52,3.36,2.60M,1.18%
07/25/2022,7,,,25,2022,25/7/2022,3.4,3.46,3.46,3.32,3.38M,0.00%
07/22/2022,7,,,22,2022,22/7/2022,3.4,3.5,3.5,3.4,2.09M,-2.86%
07/21/2022,7,,,21,2022,21/7/2022,3.5,3.58,3.58,3.46,1.86M,-1.69%
07/20/2022,7,,,20,2022,20/7/2022,3.56,3.6,3.64,3.5,2.37M,2.30%
07/19/2022,7,,,19,2022,19/7/2022,3.48,3.52,3.68,3.46,5.21M,2.35%
07/18/2022,7,,,18,2022,18/7/2022,3.4,3.42,3.5,3.16,7.40M,0.59%
07/15/2022,7,,,15,2022,15/7/2022,3.38,3.88,3.88,3.3,11.10M,-16.34%
07/14/2022,7,,,14,2022,14/7/2022,4.04,4.2,4.2,4.04,3.04M,-1.94%
07/13/2022,7,,,13,2022,13/7/2022,4.12,4.08,4.24,4,3.34M,0.49%
07-12-2022,7,12,2022,,,12/7/2022,4.1,4.26,4.34,4.06,3.87M,-5.53%
07-11-2022,7,11,2022,,,11/7/2022,4.34,4.24,4.36,4.14,6.06M,2.36%
07-08-2022,7,8,2022,,,8/7/2022,4.24,4.16,4.28,4.1,4.11M,2.42%
07-07-2022,7,7,2022,,,7/7/2022,4.14,4.32,4.32,4.14,3.36M,-3.27%
07-06-2022,7,6,2022,,,6/7/2022,4.28,4.18,4.34,4.02,5.16M,3.88%
07-05-2022,7,5,2022,,,5/7/2022,4.12,4.1,4.3,4.04,6.53M,1.48%
07-04-2022,7,4,2022,,,4/7/2022,4.06,4,4.1,3.9,2.95M,0.50%
06/30/2022,6,,,30,2022,30/6/2022,4.04,4.1,4.1,3.92,3.73M,0.50%
06/29/2022,6,,,29,2022,29/6/2022,4.02,4.18,4.24,4,7.42M,-6.07%
06/28/2022,6,,,28,2022,28/6/2022,4.28,4.02,4.32,3.84,12.04M,7.54%
06/27/2022,6,,,27,2022,27/6/2022,3.98,3.82,4.1,3.78,14.62M,5.85%
06/24/2022,6,,,24,2022,24/6/2022,3.76,3.38,3.84,3.38,16.05M,11.24%
06/23/2022,6,,,23,2022,23/6/2022,3.38,3.36,3.42,3.3,2.49M,0.60%
06/22/2022,6,,,22,2022,22/6/2022,3.36,3.44,3.46,3.32,2.36M,-2.33%
06/21/2022,6,,,21,2022,21/6/2022,3.44,3.5,3.5,3.4,1.75M,-0.58%
06/20/2022,6,,,20,2022,20/6/2022,3.46,3.32,3.54,3.32,3.21M,4.85%
06/17/2022,6,,,17,2022,17/6/2022,3.3,3.32,3.46,3.3,7.57M,-2.94%
06/16/2022,6,,,16,2022,16/6/2022,3.4,3.44,3.48,3.32,4.09M,-0.58%
06/15/2022,6,,,15,2022,15/6/2022,3.42,3.48,3.6,3.4,3.34M,0.59%
06/14/2022,6,,,14,2022,14/6/2022,3.4,3.46,3.52,3.32,3.59M,-3.41%
06/13/2022,6,,,13,2022,13/6/2022,3.52,3.54,3.64,3.5,5.21M,-4.86%
06-10-2022,6,10,2022,,,10/6/2022,3.7,3.46,3.72,3.4,7.19M,4.52%
06-09-2022,6,9,2022,,,9/6/2022,3.54,3.68,3.7,3.38,6.68M,-3.80%
06-08-2022,6,8,2022,,,8/6/2022,3.68,3.68,3.74,3.6,7.15M,2.79%
06-07-2022,6,7,2022,,,7/6/2022,3.58,3.5,3.64,3.42,7.07M,2.29%
06-06-2022,6,6,2022,,,6/6/2022,3.5,3.18,3.52,3.18,7.93M,10.06%
06-02-2022,6,2,2022,,,2/6/2022,3.18,3.2,3.32,3.12,2.94M,-1.85%
06-01-2022,6,1,2022,,,1/6/2022,3.24,3.16,3.3,2.96,9.15M,3.18%
05/31/2022,5,,,31,2022,31/5/2022,3.14,2.66,3.16,2.66,9.29M,19.85%
05/30/2022,5,,,30,2022,30/5/2022,2.62,2.62,2.66,2.6,443.60K,-0.76%
05/27/2022,5,,,27,2022,27/5/2022,2.64,2.76,2.8,2.62,667.00K,-2.22%
05/26/2022,5,,,26,2022,26/5/2022,2.7,2.7,2.74,2.64,857.10K,0.00%
05/25/2022,5,,,25,2022,25/5/2022,2.7,2.62,2.72,2.58,808.60K,3.85%
05/24/2022,5,,,24,2022,24/5/2022,2.6,2.8,2.82,2.6,1.73M,-5.80%
05/23/2022,5,,,23,2022,23/5/2022,2.76,2.66,2.82,2.66,1.74M,4.55%
05/20/2022,5,,,20,2022,20/5/2022,2.64,2.58,2.7,2.58,841.60K,3.13%
05/19/2022,5,,,19,2022,19/5/2022,2.56,2.5,2.56,2.44,930.60K,-0.78%
05/18/2022,5,,,18,2022,18/5/2022,2.58,2.58,2.6,2.52,620.90K,0.78%
05/17/2022,5,,,17,2022,17/5/2022,2.56,2.42,2.56,2.4,1.26M,7.56%
05/16/2022,5,,,16,2022,16/5/2022,2.38,2.4,2.46,2.36,523.00K,-0.83%
05/13/2022,5,,,13,2022,13/5/2022,2.4,2.32,2.42,2.3,1.77M,8.11%
05-12-2022,5,12,2022,,,12/5/2022,2.22,2.4,2.44,2.22,2.49M,-7.50%
05-11-2022,5,11,2022,,,11/5/2022,2.4,2.36,2.46,2.36,602.02K,1.69%
05-10-2022,5,10,2022,,,10/5/2022,2.36,2.44,2.5,2.36,1.79M,-6.35%
05-06-2022,5,6,2022,,,6/5/2022,2.52,2.6,2.68,2.48,1.56M,-4.55%
05-05-2022,5,5,2022,,,5/5/2022,2.64,2.74,2.78,2.64,710.50K,-3.65%
05-04-2022,5,4,2022,,,4/5/2022,2.74,2.88,2.9,2.66,1.19M,-2.84%
05-03-2022,5,3,2022,,,3/5/2022,2.82,2.72,2.88,2.72,977.20K,2.17%
04/29/2022,4,,,29,2022,29/4/2022,2.76,2.7,2.82,2.66,1.52M,1.47%
04/28/2022,4,,,28,2022,28/4/2022,2.72,2.56,2.84,2.56,2.18M,6.25%
04/27/2022,4,,,27,2022,27/4/2022,2.56,2.54,2.68,2.44,2.48M,0.00%
04/26/2022,4,,,26,2022,26/4/2022,2.56,2.66,2.74,2.56,2.27M,-3.76%
04/25/2022,4,,,25,2022,25/4/2022,2.66,2.82,2.9,2.66,8.83M,-5.67%
04/22/2022,4,,,22,2022,22/4/2022,2.82,2.88,2.88,2.76,12.02M,-2.08%
04/21/2022,4,,,21,2022,21/4/2022,2.88,3.02,3.06,2.8,4.01M,-4.64%
04/20/2022,4,,,20,2022,20/4/2022,3.02,3.14,3.14,3.02,2.19M,-1.31%
04/19/2022,4,,,19,2022,19/4/2022,3.06,3.14,3.18,3,3.84M,-1.29%
04/14/2022,4,,,14,2022,14/4/2022,3.1,3.04,3.16,3.02,2.44M,1.97%
04/13/2022,4,,,13,2022,13/4/2022,3.04,3.2,3.2,3,2.51M,-5.00%
04-12-2022,4,12,2022,,,12/4/2022,3.2,3.02,3.2,2.98,3.21M,5.96%
04-11-2022,4,11,2022,,,11/4/2022,3.02,3.14,3.14,3,2.28M,-1.31%
04-08-2022,4,8,2022,,,8/4/2022,3.06,3.02,3.08,3,1.65M,0.66%
04-07-2022,4,7,2022,,,7/4/2022,3.04,3.16,3.16,3.04,2.05M,-2.56%
04-06-2022,4,6,2022,,,6/4/2022,3.12,3.22,3.22,3.1,2.44M,-3.11%
04-04-2022,4,4,2022,,,4/4/2022,3.22,3.3,3.3,3.2,2.09M,-0.62%
04-01-2022,4,1,2022,,,1/4/2022,3.24,3.28,3.32,3.2,1.28M,-1.22%
03/31/2022,3,,,31,2022,31/3/2022,3.28,3.42,3.44,3.28,2.29M,-4.09%
03/30/2022,3,,,30,2022,30/3/2022,3.42,3.38,3.52,3.36,4.41M,1.79%
03/29/2022,3,,,29,2022,29/3/2022,3.36,3.48,3.48,3.3,1.15M,-0.59%
03/28/2022,3,,,28,2022,28/3/2022,3.38,3.3,3.4,3.22,828.28K,1.20%
03/25/2022,3,,,25,2022,25/3/2022,3.34,3.44,3.48,3.3,1.57M,-2.91%
03/24/2022,3,,,24,2022,24/3/2022,3.44,3.44,3.5,3.4,957.54K,0.00%
03/23/2022,3,,,23,2022,23/3/2022,3.44,3.48,3.58,3.42,2.45M,0.58%
03/22/2022,3,,,22,2022,22/3/2022,3.42,3.44,3.52,3.38,1.70M,-0.58%
03/21/2022,3,,,21,2022,21/3/2022,3.44,3.6,3.6,3.42,2.20M,-4.44%
03/18/2022,3,,,18,2022,18/3/2022,3.6,3.36,3.6,3.32,4.53M,7.14%
03/17/2022,3,,,17,2022,17/3/2022,3.36,3.6,3.6,3.26,4.98M,-1.18%
03/16/2022,3,,,16,2022,16/3/2022,3.4,3.16,3.4,3,4.99M,11.11%
03/15/2022,3,,,15,2022,15/3/2022,3.06,3.4,3.4,2.96,4.96M,-10.00%
03/14/2022,3,,,14,2022,14/3/2022,3.4,3.8,3.8,3.4,3.23M,-11.92%
03-11-2022,3,11,2022,,,11/3/2022,3.86,4,4,3.78,2.49M,-6.76%
03-10-2022,3,10,2022,,,10/3/2022,4.14,4.18,4.2,4,3.34M,1.97%
03-09-2022,3,9,2022,,,9/3/2022,4.06,3.84,4.14,3.78,5.38M,7.41%
03-08-2022,3,8,2022,,,8/3/2022,3.78,3.88,3.92,3.62,2.45M,-2.07%
03-07-2022,3,7,2022,,,7/3/2022,3.86,3.88,3.94,3.68,2.39M,-0.52%
03-04-2022,3,4,2022,,,4/3/2022,3.88,4.08,4.08,3.82,2.26M,-6.28%
03-03-2022,3,3,2022,,,3/3/2022,4.14,4.4,4.48,4.1,4.41M,-5.05%
03-02-2022,3,2,2022,,,2/3/2022,4.36,3.9,4.36,3.9,9.55M,11.79%
03-01-2022,3,1,2022,,,1/3/2022,3.9,3.5,3.94,3.5,7.34M,13.37%
02/28/2022,2,,,28,2022,28/2/2022,3.44,3.52,3.62,3.36,1.81M,-2.27%
02/25/2022,2,,,25,2022,25/2/2022,3.52,3.38,3.52,3.36,1.87M,5.39%
02/24/2022,2,,,24,2022,24/2/2022,3.34,3.4,3.56,3.28,2.48M,-2.34%
02/23/2022,2,,,23,2022,23/2/2022,3.42,3.32,3.46,3.32,1.30M,3.01%
02/22/2022,2,,,22,2022,22/2/2022,3.32,3.38,3.4,3.24,1.54M,-2.35%
02/21/2022,2,,,21,2022,21/2/2022,3.4,3.44,3.46,3.38,979.50K,-1.16%
02/18/2022,2,,,18,2022,18/2/2022,3.44,3.52,3.52,3.44,839.92K,-2.27%
02/17/2022,2,,,17,2022,17/2/2022,3.52,3.44,3.6,3.44,851.80K,1.15%
02/16/2022,2,,,16,2022,16/2/2022,3.48,3.42,3.6,3.42,1.07M,1.75%
02/15/2022,2,,,15,2022,15/2/2022,3.42,3.4,3.5,3.4,689.70K,0.59%
02/14/2022,2,,,14,2022,14/2/2022,3.4,3.56,3.6,3.38,946.80K,-5.56%
02-11-2022,2,11,2022,,,11/2/2022,3.6,3.72,3.74,3.6,1.04M,-3.23%
02-10-2022,2,10,2022,,,10/2/2022,3.72,3.62,3.76,3.62,1.32M,3.33%
02-09-2022,2,9,2022,,,9/2/2022,3.6,3.7,3.76,3.6,1.20M,-0.55%
02-08-2022,2,8,2022,,,8/2/2022,3.62,3.7,3.78,3.52,1.31M,-2.16%
02-07-2022,2,7,2022,,,7/2/2022,3.7,3.4,3.8,3.36,3.81M,8.82%
02-04-2022,2,4,2022,,,4/2/2022,3.4,3.46,3.52,3.38,2.74M,-1.73%
01/31/2022,1,,,31,2022,31/1/2022,3.46,3.12,3.5,3.04,3.38M,7.45%
01/28/2022,1,,,28,2022,28/1/2022,3.22,3.4,3.4,3.1,3.48M,-4.17%
01/27/2022,1,,,27,2022,27/1/2022,3.36,3.68,3.68,3.32,4.75M,-8.70%
01/26/2022,1,,,26,2022,26/1/2022,3.68,3.64,3.8,3.62,3.12M,1.10%
01/25/2022,1,,,25,2022,25/1/2022,3.64,3.96,3.98,3.64,3.30M,-7.61%
01/24/2022,1,,,24,2022,24/1/2022,3.94,4.1,4.1,3.94,2.51M,-3.90%
01/21/2022,1,,,21,2022,21/1/2022,4.1,4.06,4.14,4.02,1.42M,0.99%
01/20/2022,1,,,20,2022,20/1/2022,4.06,4.02,4.16,4,1.18M,1.00%
01/19/2022,1,,,19,2022,19/1/2022,4.02,4.1,4.12,4.02,1.86M,-1.95%
01/18/2022,1,,,18,2022,18/1/2022,4.1,4.14,4.16,4.08,697.10K,0.99%
01/17/2022,1,,,17,2022,17/1/2022,4.06,4.16,4.16,4.04,616.30K,-0.98%
01/14/2022,1,,,14,2022,14/1/2022,4.1,4.12,4.18,4.1,827.50K,-0.49%
01/13/2022,1,,,13,2022,13/1/2022,4.12,4.14,4.22,4.08,2.16M,-0.48%
01-12-2022,1,12,2022,,,12/1/2022,4.14,4.06,4.26,4.06,2.35M,1.97%
01-11-2022,1,11,2022,,,11/1/2022,4.06,4.16,4.2,4.02,2.03M,-2.40%
01-10-2022,1,10,2022,,,10/1/2022,4.16,4.2,4.26,4.14,3.39M,0.00%
01-07-2022,1,7,2022,,,7/1/2022,4.16,4.3,4.38,4.16,3.51M,-0.95%
01-06-2022,1,6,2022,,,6/1/2022,4.2,4.5,4.64,4.16,7.70M,-6.25%
01-05-2022,1,5,2022,,,5/1/2022,4.48,4.84,4.84,4.48,2.90M,-7.44%
01-04-2022,1,4,2022,,,4/1/2022,4.84,5,5,4.84,1.66M,-2.81%
01-03-2022,1,3,2022,,,3/1/2022,4.98,4.76,5.1,4.76,3.27M,4.62%
12/31/2021,12,,,31,2021,31/12/2021,4.76,4.74,4.84,4.74,900.40K,2.15%
12/30/2021,12,,,30,2021,30/12/2021,4.66,4.7,4.74,4.6,954.10K,-0.85%
12/29/2021,12,,,29,2021,29/12/2021,4.7,4.86,4.92,4.7,2.35M,-3.29%
12/28/2021,12,,,28,2021,28/12/2021,4.86,5,5,4.84,3.43M,-2.41%
12/24/2021,12,,,24,2021,24/12/2021,4.98,4.96,5.1,4.92,3.66M,1.63%
12/23/2021,12,,,23,2021,23/12/2021,4.9,4.94,5.1,4.82,3.41M,-0.81%
12/22/2021,12,,,22,2021,22/12/2021,4.94,4.96,4.98,4.9,985.62K,0.82%
12/21/2021,12,,,21,2021,21/12/2021,4.9,5,5.1,4.86,3.02M,-1.21%
12/20/2021,12,,,20,2021,20/12/2021,4.96,5.4,5.6,4.92,4.78M,-2.75%
12/17/2021,12,,,17,2021,17/12/2021,5.1,4.9,5.1,4.82,11.28M,4.94%
12/16/2021,12,,,16,2021,16/12/2021,4.86,4.98,5.1,4.86,3.27M,-2.41%
12/15/2021,12,,,15,2021,15/12/2021,4.98,5,5.3,4.94,4.58M,0.00%
12/14/2021,12,,,14,2021,14/12/2021,4.98,4.98,5.2,4.78,5.45M,0.81%
12/13/2021,12,,,13,2021,13/12/2021,4.94,4.84,5.1,4.8,4.96M,2.07%
12-10-2021,12,10,2021,,,10/12/2021,4.84,4.96,5,4.84,1.69M,-2.81%
12-09-2021,12,9,2021,,,9/12/2021,4.98,4.98,5.1,4.92,3.41M,1.22%
12-08-2021,12,8,2021,,,8/12/2021,4.92,5,5.1,4.9,1.42M,-0.81%
12-07-2021,12,7,2021,,,7/12/2021,4.96,5,5.1,4.94,3.87M,0.81%
12-06-2021,12,6,2021,,,6/12/2021,4.92,5.1,5.2,4.9,5.95M,-5.38%
12-03-2021,12,3,2021,,,3/12/2021,5.2,5.5,5.5,5.1,3.83M,-3.70%
12-02-2021,12,2,2021,,,2/12/2021,5.4,5.8,6,5.3,3.90M,-6.90%
12-01-2021,12,1,2021,,,1/12/2021,5.8,6.1,6.2,5.8,1.29M,-6.45%
11/30/2021,11,,,30,2021,30/11/2021,6.2,5.8,6.2,5.6,4.25M,8.77%
11/29/2021,11,,,29,2021,29/11/2021,5.7,5.7,5.9,5.6,1.69M,-1.72%
11/26/2021,11,,,26,2021,26/11/2021,5.8,6,6,5.7,2.67M,-3.33%
11/25/2021,11,,,25,2021,25/11/2021,6,6,6.1,5.9,2.24M,0.00%
11/24/2021,11,,,24,2021,24/11/2021,6,6.2,6.2,5.9,1.28M,-1.64%
11/23/2021,11,,,23,2021,23/11/2021,6.1,6.1,6.2,6,1.35M,1.67%
11/22/2021,11,,,22,2021,22/11/2021,6,6.1,6.2,5.9,3.67M,-1.64%
11/19/2021,11,,,19,2021,19/11/2021,6.1,6.4,6.4,6,3.48M,-3.17%
11/18/2021,11,,,18,2021,18/11/2021,6.3,6.1,6.4,6.1,2.16M,1.61%
11/17/2021,11,,,17,2021,17/11/2021,6.2,6.3,6.3,6.1,2.96M,-1.59%
11/16/2021,11,,,16,2021,16/11/2021,6.3,6.3,6.4,6.2,1.54M,0.00%
11/15/2021,11,,,15,2021,15/11/2021,6.3,6.4,6.5,6.3,1.46M,-1.56%
11-12-2021,11,12,2021,,,12/11/2021,6.4,6.3,6.5,6.2,1.94M,3.23%
11-11-2021,11,11,2021,,,11/11/2021,6.2,6.1,6.3,6.1,945.90K,1.64%
11-10-2021,11,10,2021,,,10/11/2021,6.1,6.3,6.4,6,1.78M,-3.17%
11-09-2021,11,9,2021,,,9/11/2021,6.3,6.2,6.5,6.2,1.53M,1.61%
11-08-2021,11,8,2021,,,8/11/2021,6.2,6.4,6.5,6.2,1.76M,-3.13%
11-05-2021,11,5,2021,,,5/11/2021,6.4,6.8,6.8,6.4,1.29M,-4.48%
11-04-2021,11,4,2021,,,4/11/2021,6.7,6.6,6.9,6.5,1.96M,1.52%
11-03-2021,11,3,2021,,,3/11/2021,6.6,6.8,6.9,6.4,3.52M,-4.35%
11-02-2021,11,2,2021,,,2/11/2021,6.9,7.2,7.5,6.8,5.46M,-4.17%
11-01-2021,11,1,2021,,,1/11/2021,7.2,7.8,7.9,6.9,9.90M,-1.37%
10/29/2021,10,,,29,2021,29/10/2021,7.3,7.3,7.4,7.1,2.74M,1.39%
10/28/2021,10,,,28,2021,28/10/2021,7.2,7.1,7.4,7,2.58M,1.41%
10/27/2021,10,,,27,2021,27/10/2021,7.1,7.1,7.2,6.9,1.35M,0.00%
10/26/2021,10,,,26,2021,26/10/2021,7.1,7.3,7.6,6.9,5.92M,-1.39%
10/25/2021,10,,,25,2021,25/10/2021,7.2,7,7.2,6.9,2.71M,2.86%
10/22/2021,10,,,22,2021,22/10/2021,7,7,7.2,6.9,1.85M,1.45%
10/21/2021,10,,,21,2021,21/10/2021,6.9,7.2,7.3,6.8,2.12M,-4.17%
10/20/2021,10,,,20,2021,20/10/2021,7.2,7.4,7.5,7,2.98M,-1.37%
10/19/2021,10,,,19,2021,19/10/2021,7.3,7,7.3,6.9,4.24M,5.80%
10/18/2021,10,,,18,2021,18/10/2021,6.9,6.6,6.9,6.6,2.82M,6.15%
10/15/2021,10,,,15,2021,15/10/2021,6.5,6.1,6.6,6.1,5.87M,8.33%
10-12-2021,10,12,2021,,,12/10/2021,6,6,6.1,5.9,1.25M,0.00%
10-11-2021,10,11,2021,,,11/10/2021,6,6,6.3,5.9,2.64M,1.69%
10-08-2021,10,8,2021,,,8/10/2021,5.9,6.1,6.1,5.8,2.65M,-1.67%
10-07-2021,10,7,2021,,,7/10/2021,6,6.1,6.2,6,2.56M,0.00%
10-06-2021,10,6,2021,,,6/10/2021,6,6.2,6.3,6,2.69M,-1.64%
10-05-2021,10,5,2021,,,5/10/2021,6.1,6.2,6.2,6,1.32M,-1.61%
10-04-2021,10,4,2021,,,4/10/2021,6.2,6.1,6.4,5.9,3.03M,3.33%
09/30/2021,9,,,30,2021,30/9/2021,6,6,6.1,5.8,2.04M,0.00%
09/29/2021,9,,,29,2021,29/9/2021,6,5.9,6.2,5.8,1.63M,0.00%
09/28/2021,9,,,28,2021,28/9/2021,6,5.9,6.1,5.5,3.63M,1.69%
09/27/2021,9,,,27,2021,27/9/2021,5.9,6.4,6.5,5.7,7.07M,-7.81%
09/24/2021,9,,,24,2021,24/9/2021,6.4,6.8,6.9,6.4,2.06M,-5.88%
09/23/2021,9,,,23,2021,23/9/2021,6.8,6.6,6.9,6.6,1.95M,4.62%
09/21/2021,9,,,21,2021,21/9/2021,6.5,6.5,6.6,6.4,1.38M,-1.52%
09/20/2021,9,,,20,2021,20/9/2021,6.6,6.7,6.8,6.3,1.94M,-2.94%
09/17/2021,9,,,17,2021,17/9/2021,6.8,6.4,6.8,6.3,4.84M,4.62%
09/16/2021,9,,,16,2021,16/9/2021,6.5,6.7,6.7,6.4,2.81M,-2.99%
09/15/2021,9,,,15,2021,15/9/2021,6.7,6.7,6.9,6.6,2.86M,-1.47%
09/14/2021,9,,,14,2021,14/9/2021,6.8,7,7,6.7,2.34M,-2.86%
09/13/2021,9,,,13,2021,13/9/2021,7,6.9,7.1,6.8,1.69M,1.45%
09-10-2021,9,10,2021,,,10/9/2021,6.9,7,7.1,6.8,1.47M,-1.43%
09-09-2021,9,9,2021,,,9/9/2021,7,7.1,7.3,6.8,3.29M,-2.78%
09-08-2021,9,8,2021,,,8/9/2021,7.2,7.3,7.3,7,2.64M,-1.37%
09-07-2021,9,7,2021,,,7/9/2021,7.3,7.5,7.5,7.2,2.41M,-1.35%
09-06-2021,9,6,2021,,,6/9/2021,7.4,7.3,7.5,7.2,4.11M,2.78%
09-03-2021,9,3,2021,,,3/9/2021,7.2,7,7.4,6.9,9.88M,4.35%
09-02-2021,9,2,2021,,,2/9/2021,6.9,6.8,7.1,6.7,2.36M,1.47%
09-01-2021,9,1,2021,,,1/9/2021,6.8,7.1,7.1,6.7,2.07M,-2.86%
08/31/2021,8,,,31,2021,31/8/2021,7,7.2,7.2,6.7,3.81M,-1.41%
08/30/2021,8,,,30,2021,30/8/2021,7.1,6.8,7.2,6.5,2.88M,5.97%
08/27/2021,8,,,27,2021,27/8/2021,6.7,7,7,6.6,1.75M,-4.29%
08/26/2021,8,,,26,2021,26/8/2021,7,7.1,7.3,6.8,1.98M,0.00%
08/25/2021,8,,,25,2021,25/8/2021,7,6.6,7,6.4,4.16M,6.06%
08/24/2021,8,,,24,2021,24/8/2021,6.6,6.7,6.7,6.4,1.46M,0.00%
08/23/2021,8,,,23,2021,23/8/2021,6.6,6.5,6.8,6.4,1.58M,4.76%
08/20/2021,8,,,20,2021,20/8/2021,6.3,6.7,6.7,6.1,3.56M,-4.55%
08/19/2021,8,,,19,2021,19/8/2021,6.6,6.7,6.7,6.5,2.36M,-1.49%
08/18/2021,8,,,18,2021,18/8/2021,6.7,6.8,6.9,6.6,1.71M,-1.47%
08/17/2021,8,,,17,2021,17/8/2021,6.8,7.1,7.1,6.6,2.56M,-2.86%
08/16/2021,8,,,16,2021,16/8/2021,7,6.9,7.3,6.9,2.22M,1.45%
08/13/2021,8,,,13,2021,13/8/2021,6.9,7,7.2,6.9,1.96M,-2.82%
08-12-2021,8,12,2021,,,12/8/2021,7.1,7.5,7.7,7,3.72M,-4.05%
08-11-2021,8,11,2021,,,11/8/2021,7.4,6.9,7.4,6.7,3.24M,7.25%
08-10-2021,8,10,2021,,,10/8/2021,6.9,7,7.1,6.4,5.94M,-1.43%
08-09-2021,8,9,2021,,,9/8/2021,7,7.3,7.4,7,3.49M,-5.41%
08-06-2021,8,6,2021,,,6/8/2021,7.4,7.8,7.9,7.2,6.30M,-5.13%
08-05-2021,8,5,2021,,,5/8/2021,7.8,7.9,8,7.7,4.46M,-1.27%
08-04-2021,8,4,2021,,,4/8/2021,7.9,7.9,8.3,7.7,8.46M,0.00%
08-03-2021,8,3,2021,,,3/8/2021,7.9,8.3,8.3,7.7,12.59M,-4.82%
08-02-2021,8,2,2021,,,2/8/2021,8.3,7.5,8.3,7.3,16.74M,12.16%
07/30/2021,7,,,30,2021,30/7/2021,7.4,7.3,7.4,7,3.25M,1.37%
07/29/2021,7,,,29,2021,29/7/2021,7.3,7.6,7.6,7.2,5.42M,2.82%
07/28/2021,7,,,28,2021,28/7/2021,7.1,6.7,7.1,6.4,4.08M,7.58%
07/27/2021,7,,,27,2021,27/7/2021,6.6,7.3,7.4,6.4,7.38M,-8.33%
07/26/2021,7,,,26,2021,26/7/2021,7.2,7.1,7.4,7,4.92M,1.41%
07/23/2021,7,,,23,2021,23/7/2021,7.1,7.5,7.6,7.1,6.67M,-6.58%
07/22/2021,7,,,22,2021,22/7/2021,7.6,7,7.7,7,9.81M,11.76%
07/21/2021,7,,,21,2021,21/7/2021,6.8,6.6,6.8,6.5,2.79M,4.62%
07/20/2021,7,,,20,2021,20/7/2021,6.5,6.7,6.7,6.5,2.62M,-2.99%
07/19/2021,7,,,19,2021,19/7/2021,6.7,6.8,6.9,6.6,4.37M,-1.47%
07/16/2021,7,,,16,2021,16/7/2021,6.8,6.8,6.9,6.5,8.95M,0.00%
07/15/2021,7,,,15,2021,15/7/2021,6.8,7.1,7.3,6.8,7.92M,-2.86%
07/14/2021,7,,,14,2021,14/7/2021,7,6.7,7.1,6.4,10.59M,4.48%
07/13/2021,7,,,13,2021,13/7/2021,6.7,6,6.8,5.9,11.97M,13.56%
07-12-2021,7,12,2021,,,12/7/2021,5.9,5.9,5.9,5.7,2.22M,3.51%
07-09-2021,7,9,2021,,,9/7/2021,5.7,5.8,5.9,5.7,2.53M,-1.72%
07-08-2021,7,8,2021,,,8/7/2021,5.8,5.8,5.9,5.6,2.60M,0.00%
07-07-2021,7,7,2021,,,7/7/2021,5.8,5.7,5.8,5.5,2.61M,1.75%
07-06-2021,7,6,2021,,,6/7/2021,5.7,5.4,5.7,5.2,2.47M,5.56%
07-05-2021,7,5,2021,,,5/7/2021,5.4,5.6,5.6,5.2,3.10M,-3.57%
07-02-2021,7,2,2021,,,2/7/2021,5.6,5.7,5.7,5.4,2.31M,-3.45%
06/30/2021,6,,,30,2021,30/6/2021,5.8,5.9,6.1,5.6,4.86M,0.00%
06/29/2021,6,,,29,2021,29/6/2021,5.8,5.7,5.9,5.6,4.36M,3.57%
06/28/2021,6,,,28,2021,28/6/2021,5.6,5.6,6,5.3,4.82M,-1.75%
06/25/2021,6,,,25,2021,25/6/2021,5.7,5.2,5.8,5.1,8.15M,11.76%
06/24/2021,6,,,24,2021,24/6/2021,5.1,5.3,5.4,5.1,2.47M,-1.92%
06/23/2021,6,,,23,2021,23/6/2021,5.2,4.88,5.2,4.84,3.92M,7.44%
06/22/2021,6,,,22,2021,22/6/2021,4.84,4.88,4.96,4.74,1.84M,-0.82%
06/21/2021,6,,,21,2021,21/6/2021,4.88,4.68,4.88,4.56,3.30M,3.83%
06/18/2021,6,,,18,2021,18/6/2021,4.7,4.42,4.7,4.4,9.19M,6.82%
06/17/2021,6,,,17,2021,17/6/2021,4.4,4.24,4.4,4.2,1.50M,3.77%
06/16/2021,6,,,16,2021,16/6/2021,4.24,4.34,4.36,4.18,2.17M,-2.30%
06/15/2021,6,,,15,2021,15/6/2021,4.34,4.4,4.44,4.24,3.14M,-0.46%
06-11-2021,6,11,2021,,,11/6/2021,4.36,4.34,4.44,4.3,3.60M,0.93%
06-10-2021,6,10,2021,,,10/6/2021,4.32,4.46,4.5,4.32,3.81M,-3.14%
06-09-2021,6,9,2021,,,9/6/2021,4.46,4.46,4.7,4.3,9.87M,0.45%
06-08-2021,6,8,2021,,,8/6/2021,4.44,4.56,4.6,4.38,2.88M,-2.63%
06-07-2021,6,7,2021,,,7/6/2021,4.56,4.46,4.7,4.42,3.83M,4.11%
06-04-2021,6,4,2021,,,4/6/2021,4.38,4.42,4.48,4.34,1.30M,-2.23%
06-03-2021,6,3,2021,,,3/6/2021,4.48,4.54,4.62,4.42,2.17M,0.45%
06-02-2021,6,2,2021,,,2/6/2021,4.46,4.58,4.66,4.4,2.07M,-2.62%
06-01-2021,6,1,2021,,,1/6/2021,4.58,4.6,4.74,4.54,1.39M,-0.43%
05/31/2021,5,,,31,2021,31/5/2021,4.6,4.78,4.78,4.54,2.31M,-2.95%
05/28/2021,5,,,28,2021,28/5/2021,4.74,4.82,4.9,4.68,2.34M,-2.07%
05/27/2021,5,,,27,2021,27/5/2021,4.84,4.76,4.94,4.68,7.37M,1.68%
05/26/2021,5,,,26,2021,26/5/2021,4.76,4.6,4.78,4.6,2.00M,3.48%
05/25/2021,5,,,25,2021,25/5/2021,4.6,4.66,4.84,4.54,4.39M,0.00%
05/24/2021,5,,,24,2021,24/5/2021,4.6,5,5,4.42,9.43M,-7.63%
05/21/2021,5,,,21,2021,21/5/2021,4.98,4.9,5.1,4.8,5.95M,4.62%
05/20/2021,5,,,20,2021,20/5/2021,4.76,4.56,4.86,4.56,3.65M,4.39%
05/18/2021,5,,,18,2021,18/5/2021,4.56,4.82,4.94,4.52,4.87M,-4.60%
05/17/2021,5,,,17,2021,17/5/2021,4.78,4.46,4.86,4.42,6.22M,8.64%
05/14/2021,5,,,14,2021,14/5/2021,4.4,4.26,4.48,4.26,2.83M,3.29%
05/13/2021,5,,,13,2021,13/5/2021,4.26,4.22,4.38,4.16,3.63M,0.95%
05-12-2021,5,12,2021,,,12/5/2021,4.22,4.14,4.44,4.08,8.22M,2.93%
05-11-2021,5,11,2021,,,11/5/2021,4.1,4.24,4.26,4.02,1.85M,-3.30%
05-10-2021,5,10,2021,,,10/5/2021,4.24,4.1,4.44,4.1,3.27M,3.92%
05-07-2021,5,7,2021,,,7/5/2021,4.08,4.42,4.44,4.08,4.88M,-7.69%
05-06-2021,5,6,2021,,,6/5/2021,4.42,4.56,4.64,4.4,1.79M,-3.07%
05-05-2021,5,5,2021,,,5/5/2021,4.56,4.58,4.74,4.46,2.24M,0.00%
05-04-2021,5,4,2021,,,4/5/2021,4.56,4.62,4.74,4.54,1.25M,-2.15%
05-03-2021,5,3,2021,,,3/5/2021,4.66,4.66,4.7,4.4,2.63M,1.75%
04/30/2021,4,,,30,2021,30/4/2021,4.58,4.68,4.74,4.52,2.63M,-1.72%
04/29/2021,4,,,29,2021,29/4/2021,4.66,4.72,4.8,4.64,2.53M,-1.27%
04/28/2021,4,,,28,2021,28/4/2021,4.72,5,5,4.72,2.98M,-4.45%
04/27/2021,4,,,27,2021,27/4/2021,4.94,4.82,5,4.76,3.65M,2.49%
04/26/2021,4,,,26,2021,26/4/2021,4.82,5.1,5.2,4.76,5.31M,-5.49%
04/23/2021,4,,,23,2021,23/4/2021,5.1,4.78,5.2,4.78,7.85M,6.69%
04/22/2021,4,,,22,2021,22/4/2021,4.78,4.66,4.96,4.64,3.18M,3.46%
04/21/2021,4,,,21,2021,21/4/2021,4.62,4.7,4.86,4.62,4.24M,-3.35%
04/20/2021,4,,,20,2021,20/4/2021,4.78,5.3,5.4,4.78,4.80M,-6.27%
04/19/2021,4,,,19,2021,19/4/2021,5.1,4.9,5.3,4.8,4.31M,4.51%
04/16/2021,4,,,16,2021,16/4/2021,4.88,4.8,4.92,4.62,12.53M,2.09%
04/15/2021,4,,,15,2021,15/4/2021,4.78,4.96,4.96,4.76,2.56M,-4.02%
04/14/2021,4,,,14,2021,14/4/2021,4.98,5.1,5.1,4.48,9.02M,-2.35%
04/13/2021,4,,,13,2021,13/4/2021,5.1,5.2,5.3,5.1,4.82M,0.00%
04-12-2021,4,12,2021,,,12/4/2021,5.1,5.9,5.9,5.1,6.35M,-12.07%
04-09-2021,4,9,2021,,,9/4/2021,5.8,6,6,5.7,1.44M,-1.69%
04-08-2021,4,8,2021,,,8/4/2021,5.9,5.8,6.1,5.8,2.39M,-1.67%
04-07-2021,4,7,2021,,,7/4/2021,6,5.9,6.3,5.7,7.59M,1.69%
03/31/2021,3,,,31,2021,31/3/2021,5.9,6.1,6.3,5.9,2.77M,-3.28%
03/30/2021,3,,,30,2021,30/3/2021,6.1,6.1,6.2,5.8,3.50M,0.00%
03/29/2021,3,,,29,2021,29/3/2021,6.1,6.4,6.4,5.9,2.89M,-4.69%
03/26/2021,3,,,26,2021,26/3/2021,6.4,6.1,6.5,6.1,3.02M,6.67%
03/25/2021,3,,,25,2021,25/3/2021,6,5.9,6.2,5.6,3.91M,-1.64%
03/24/2021,3,,,24,2021,24/3/2021,6.1,6.8,6.8,6.1,4.73M,-10.29%
03/23/2021,3,,,23,2021,23/3/2021,6.8,6.8,6.8,6.3,9.08M,1.49%
03/22/2021,3,,,22,2021,22/3/2021,6.7,6.7,7,6.5,5.58M,-1.47%
03/19/2021,3,,,19,2021,19/3/2021,6.8,6.6,6.8,5.9,14.91M,1.49%
03/18/2021,3,,,18,2021,18/3/2021,6.7,6.4,6.8,6.3,6.54M,4.69%
03/17/2021,3,,,17,2021,17/3/2021,6.4,6.1,6.5,5.9,6.02M,4.92%
03/16/2021,3,,,16,2021,16/3/2021,6.1,5.8,6.2,5.8,6.24M,-3.17%
03/15/2021,3,,,15,2021,15/3/2021,6.3,6,6.5,6,10.03M,8.62%
03-12-2021,3,12,2021,,,12/3/2021,5.8,5.9,6.1,5.7,7.65M,0.00%
03-11-2021,3,11,2021,,,11/3/2021,5.8,5.4,5.8,5.1,6.05M,9.43%
03-10-2021,3,10,2021,,,10/3/2021,5.3,5.4,5.5,5.1,6.74M,6.00%
03-09-2021,3,9,2021,,,9/3/2021,5,4.7,5.4,4.3,15.77M,5.04%
03-08-2021,3,8,2021,,,8/3/2021,4.76,6.3,6.3,4.56,23.39M,-21.97%
03-05-2021,3,5,2021,,,5/3/2021,6.1,6.5,6.5,6,12.13M,-10.29%
03-04-2021,3,4,2021,,,4/3/2021,6.8,7.1,7.1,6.7,7.65M,-6.85%
03-03-2021,3,3,2021,,,3/3/2021,7.3,7,7.3,6.9,7.38M,4.29%
03-02-2021,3,2,2021,,,2/3/2021,7,7.6,7.7,6.9,9.24M,-6.67%
03-01-2021,3,1,2021,,,1/3/2021,7.5,8,8.2,7.3,9.71M,0.00%
02/26/2021,2,,,26,2021,26/2/2021,7.5,7.1,7.8,6.9,11.14M,-1.32%
02/25/2021,2,,,25,2021,25/2/2021,7.6,7.2,7.7,6.8,11.10M,11.76%
02/24/2021,2,,,24,2021,24/2/2021,6.8,7.6,7.8,6.4,22.86M,-9.33%
02/23/2021,2,,,23,2021,23/2/2021,7.5,7.7,8.1,7.5,13.30M,-5.06%
02/22/2021,2,,,22,2021,22/2/2021,7.9,8.9,9,7.7,17.64M,-8.14%
02/19/2021,2,,,19,2021,19/2/2021,8.6,8.4,8.8,8,13.49M,1.18%
02/18/2021,2,,,18,2021,18/2/2021,8.5,9.5,9.6,8.5,29.14M,-10.53%
02/17/2021,2,,,17,2021,17/2/2021,9.5,9.6,9.8,9.2,37.34M,0.00%
02/16/2021,2,,,16,2021,16/2/2021,9.5,9.7,9.7,9.4,26.49M,1.06%
02-11-2021,2,11,2021,,,11/2/2021,9.4,9.7,9.8,9,30.18M,-3.09%
02-10-2021,2,10,2021,,,10/2/2021,9.7,9.5,10.2,9.4,200.76M,-8.49%
02-09-2021,2,9,2021,,,9/2/2021,10.6,10.2,11.2,9.6,58.65M,6.00%
02-08-2021,2,8,2021,,,8/2/2021,10,8,10.2,7.9,54.06M,29.87%
02-05-2021,2,5,2021,,,5/2/2021,7.7,7.8,8,7.6,8.23M,-1.28%
02-04-2021,2,4,2021,,,4/2/2021,7.8,7.4,8.1,7.4,12.47M,5.41%
02-03-2021,2,3,2021,,,3/2/2021,7.4,8.2,8.6,7.3,25.08M,-6.33%
02-02-2021,2,2,2021,,,2/2/2021,7.9,6.8,8,6.6,33.09M,21.54%
02-01-2021,2,1,2021,,,1/2/2021,6.5,7.4,7.4,6.5,15.23M,-13.33%
01/29/2021,1,,,29,2021,29/1/2021,7.5,7.8,8,6.9,11.83M,0.00%
01/28/2021,1,,,28,2021,28/1/2021,7.5,7.8,8.1,7.4,17.28M,-8.54%
01/27/2021,1,,,27,2021,27/1/2021,8.2,9,9.3,7.8,31.95M,-8.89%
01/26/2021,1,,,26,2021,26/1/2021,9,8.5,9.2,7.8,38.37M,2.27%
01/25/2021,1,,,25,2021,25/1/2021,8.8,7.7,8.9,7.7,46.31M,20.55%
01/22/2021,1,,,22,2021,22/1/2021,7.3,6.5,8.2,6.4,77.19M,15.87%
01/21/2021,1,,,21,2021,21/1/2021,6.3,6.2,6.7,6,14.63M,1.61%
01/20/2021,1,,,20,2021,20/1/2021,6.2,6.5,6.5,6.1,8.50M,-3.13%
01/19/2021,1,,,19,2021,19/1/2021,6.4,6.4,6.8,6.3,18.00M,3.23%
01/18/2021,1,,,18,2021,18/1/2021,6.2,5.8,6.4,5.7,14.99M,6.90%
01/15/2021,1,,,15,2021,15/1/2021,5.8,5.9,5.9,5.6,4.89M,-1.69%
01/14/2021,1,,,14,2021,14/1/2021,5.9,5.6,6,5.6,8.15M,5.36%
01/13/2021,1,,,13,2021,13/1/2021,5.6,5.9,5.9,5.5,5.78M,-3.45%
01-12-2021,1,12,2021,,,12/1/2021,5.8,5.9,6.1,5.7,8.93M,-1.69%
01-11-2021,1,11,2021,,,11/1/2021,5.9,6.4,6.5,5.8,9.22M,-7.81%
01-08-2021,1,8,2021,,,8/1/2021,6.4,6.7,6.8,6.2,10.89M,-1.54%
01-07-2021,1,7,2021,,,7/1/2021,6.5,6,6.6,5.9,14.13M,10.17%
01-06-2021,1,6,2021,,,6/1/2021,5.9,6.1,6.1,5.6,10.81M,-3.28%
01-05-2021,1,5,2021,,,5/1/2021,6.1,6.4,6.5,6,7.47M,-4.69%
01-04-2021,1,4,2021,,,4/1/2021,6.4,6.5,6.7,6.2,10.82M,1.59%
12/31/2020,12,,,31,2020,31/12/2020,6.3,6.5,6.9,6,11.51M,0.00%
12/30/2020,12,,,30,2020,30/12/2020,6.3,6,6.7,5.7,77.10M,-10.00%
12/29/2020,12,,,29,2020,29/12/2020,7,7,7.3,6,34.27M,2.94%
12/28/2020,12,,,28,2020,28/12/2020,6.8,5.8,6.9,5.2,39.77M,23.64%
12/24/2020,12,,,24,2020,24/12/2020,5.5,6.1,6.5,5.4,39.88M,-5.17%
12/23/2020,12,,,23,2020,23/12/2020,5.8,4.38,6,4.32,31.91M,36.15%
12/22/2020,12,,,22,2020,22/12/2020,4.26,4.94,4.98,4.2,7.93M,-11.98%
12/21/2020,12,,,21,2020,21/12/2020,4.84,5.3,5.3,4.7,9.31M,-5.10%
12/18/2020,12,,,18,2020,18/12/2020,5.1,5,5.2,4.88,16.09M,2.00%
12/17/2020,12,,,17,2020,17/12/2020,5,4.92,5.1,4.62,9.57M,2.04%
12/16/2020,12,,,16,2020,16/12/2020,4.9,5.2,5.4,4.8,16.63M,-3.92%
12/15/2020,12,,,15,2020,15/12/2020,5.1,4.64,5.5,4.5,29.49M,10.39%
12/14/2020,12,,,14,2020,14/12/2020,4.62,4.64,4.74,4.5,6.67M,1.76%
12-11-2020,12,11,2020,,,11/12/2020,4.54,4.92,5.1,4.36,9.80M,4.13%
12-10-2020,12,10,2020,,,10/12/2020,4.36,4.24,4.6,4.24,6.99M,2.83%
12-09-2020,12,9,2020,,,9/12/2020,4.24,4.8,4.86,4.14,8.62M,-9.79%
12-08-2020,12,8,2020,,,8/12/2020,4.7,4.72,5.1,4.28,29.71M,3.07%
12-07-2020,12,7,2020,,,7/12/2020,4.56,3.26,5.1,3.26,52.69M,41.61%
12-04-2020,12,4,2020,,,4/12/2020,3.22,3.28,3.34,3.14,2.75M,-1.83%
12-03-2020,12,3,2020,,,3/12/2020,3.28,3.44,3.44,3.2,2.89M,-1.80%
12-02-2020,12,2,2020,,,2/12/2020,3.34,3.44,3.58,3.3,6.57M,-2.91%
12-01-2020,12,1,2020,,,1/12/2020,3.44,3.48,3.58,3.24,10.73M,1.78%
11/30/2020,11,,,30,2020,30/11/2020,3.38,3.06,3.42,3.02,9.17M,13.42%
11/27/2020,11,,,27,2020,27/11/2020,2.98,3.08,3.16,2.96,2.16M,-3.87%
11/26/2020,11,,,26,2020,26/11/2020,3.1,3.46,3.48,3.02,5.28M,-7.19%
11/25/2020,11,,,25,2020,25/11/2020,3.34,3.4,3.66,3.24,16.81M,1.21%
11/24/2020,11,,,24,2020,24/11/2020,3.3,2.98,3.44,2.86,18.28M,13.01%
11/23/2020,11,,,23,2020,23/11/2020,2.92,2.86,2.96,2.8,5.51M,8.15%
11/20/2020,11,,,20,2020,20/11/2020,2.7,2.7,2.76,2.66,1.20M,1.50%
11/19/2020,11,,,19,2020,19/11/2020,2.66,2.62,2.84,2.6,3.91M,3.10%
11/18/2020,11,,,18,2020,18/11/2020,2.58,2.48,2.64,2.46,1.30M,4.03%
11/17/2020,11,,,17,2020,17/11/2020,2.48,2.44,2.52,2.42,649.60K,-0.80%
11/16/2020,11,,,16,2020,16/11/2020,2.5,2.46,2.52,2.46,203.10K,-0.79%
11/13/2020,11,,,13,2020,13/11/2020,2.52,2.48,2.54,2.42,431.60K,0.80%
11-12-2020,11,12,2020,,,12/11/2020,2.5,2.48,2.54,2.46,779.30K,0.81%
11-11-2020,11,11,2020,,,11/11/2020,2.48,2.62,2.64,2.4,1.54M,-3.88%
11-10-2020,11,10,2020,,,10/11/2020,2.58,2.54,2.64,2.46,1.36M,2.38%
11-09-2020,11,9,2020,,,9/11/2020,2.52,2.42,2.54,2.4,2.01M,7.69%
11-06-2020,11,6,2020,,,6/11/2020,2.34,2.32,2.42,2.32,1.46M,0.86%
11-05-2020,11,5,2020,,,5/11/2020,2.32,2.3,2.34,2.28,931.30K,2.65%
11-04-2020,11,4,2020,,,4/11/2020,2.26,2.22,2.28,2.2,538.20K,1.80%
11-03-2020,11,3,2020,,,3/11/2020,2.22,2.32,2.32,2.22,756.80K,-2.63%
11-02-2020,11,2,2020,,,2/11/2020,2.28,2.28,2.34,2.2,908.60K,0.00%
10/30/2020,10,,,30,2020,30/10/2020,2.28,2.38,2.38,2.28,1.14M,-5.00%
10/29/2020,10,,,29,2020,29/10/2020,2.4,2.32,2.42,2.3,735.00K,2.56%
10/28/2020,10,,,28,2020,28/10/2020,2.34,2.42,2.46,2.34,680.40K,-3.31%
10/27/2020,10,,,27,2020,27/10/2020,2.42,2.54,2.54,2.4,523.10K,-4.72%
10/23/2020,10,,,23,2020,23/10/2020,2.54,2.4,2.6,2.4,2.20M,5.83%
10/22/2020,10,,,22,2020,22/10/2020,2.4,2.4,2.48,2.36,381.00K,-3.23%
10/21/2020,10,,,21,2020,21/10/2020,2.48,2.4,2.56,2.4,1.21M,3.33%
10/20/2020,10,,,20,2020,20/10/2020,2.4,2.4,2.4,2.34,511.50K,0.00%
10/19/2020,10,,,19,2020,19/10/2020,2.4,2.34,2.52,2.32,3.55M,2.56%
10/16/2020,10,,,16,2020,16/10/2020,2.34,2.36,2.44,2.3,1.56M,-0.85%
10/15/2020,10,,,15,2020,15/10/2020,2.36,2.66,2.66,2.32,3.59M,-8.53%
10/14/2020,10,,,14,2020,14/10/2020,2.58,2.82,2.9,2.56,3.05M,-7.86%
10-12-2020,10,12,2020,,,12/10/2020,2.8,3.08,3.08,2.8,1.82M,-6.67%
10-09-2020,10,9,2020,,,9/10/2020,3,3.28,3.28,2.8,6.37M,-6.83%
10-08-2020,10,8,2020,,,8/10/2020,3.22,3.04,3.3,2.88,7.07M,8.78%
10-07-2020,10,7,2020,,,7/10/2020,2.96,3.04,3.04,2.76,1.91M,-1.99%
10-06-2020,10,6,2020,,,6/10/2020,3.02,2.76,3.16,2.74,6.24M,9.42%
10-05-2020,10,5,2020,,,5/10/2020,2.76,2.44,2.76,2.34,4.23M,15.97%
09/30/2020,9,,,30,2020,30/9/2020,2.38,2.2,2.44,2.2,1.24M,8.18%
09/29/2020,9,,,29,2020,29/9/2020,2.2,2.14,2.24,2.14,442.30K,0.00%
09/28/2020,9,,,28,2020,28/9/2020,2.2,2.18,2.26,2.06,994.30K,0.00%
09/25/2020,9,,,25,2020,25/9/2020,2.2,2.4,2.4,2.1,1.42M,-5.98%
09/24/2020,9,,,24,2020,24/9/2020,2.34,2.34,2.44,2.3,382.50K,0.00%
09/23/2020,9,,,23,2020,23/9/2020,2.34,2.44,2.44,2.34,440.90K,-3.31%
09/22/2020,9,,,22,2020,22/9/2020,2.42,2.34,2.48,2.32,711.75K,3.42%
09/21/2020,9,,,21,2020,21/9/2020,2.34,2.56,2.56,2.34,2.19M,-9.30%
09/18/2020,9,,,18,2020,18/9/2020,2.58,2.64,2.7,2.58,1.04M,-3.01%
09/17/2020,9,,,17,2020,17/9/2020,2.66,2.66,2.72,2.62,521.60K,0.00%
09/16/2020,9,,,16,2020,16/9/2020,2.66,2.8,2.82,2.64,1.16M,-4.32%
09/15/2020,9,,,15,2020,15/9/2020,2.78,2.76,2.94,2.76,1.87M,0.00%
09/14/2020,9,,,14,2020,14/9/2020,2.78,2.72,2.86,2.72,1.27M,0.00%
09-11-2020,9,11,2020,,,11/9/2020,2.78,2.66,2.82,2.64,851.90K,3.73%
09-10-2020,9,10,2020,,,10/9/2020,2.68,2.72,2.72,2.64,995.20K,-1.47%
09-09-2020,9,9,2020,,,9/9/2020,2.72,2.7,2.78,2.64,715.30K,0.74%
09-08-2020,9,8,2020,,,8/9/2020,2.7,2.88,2.88,2.66,1.25M,-4.26%
09-07-2020,9,7,2020,,,7/9/2020,2.82,2.86,2.88,2.7,1.67M,0.71%
09-04-2020,9,4,2020,,,4/9/2020,2.8,2.76,2.84,2.62,1.75M,1.45%
09-03-2020,9,3,2020,,,3/9/2020,2.76,2.7,2.9,2.68,1.84M,1.47%
09-02-2020,9,2,2020,,,2/9/2020,2.72,2.76,2.78,2.66,2.22M,-2.16%
09-01-2020,9,1,2020,,,1/9/2020,2.78,2.86,2.9,2.76,1.73M,-2.80%
08/31/2020,8,,,31,2020,31/8/2020,2.86,3,3.06,2.84,2.56M,-5.30%
08/28/2020,8,,,28,2020,28/8/2020,3.02,2.98,3.04,2.96,467.30K,0.67%
08/27/2020,8,,,27,2020,27/8/2020,3,2.98,3,2.94,1.01M,-0.66%
08/26/2020,8,,,26,2020,26/8/2020,3.02,3.08,3.12,2.98,2.17M,-1.31%
08/25/2020,8,,,25,2020,25/8/2020,3.06,3.1,3.16,3,1.68M,0.00%
08/24/2020,8,,,24,2020,24/8/2020,3.06,3.1,3.1,2.9,5.63M,-4.97%
08/21/2020,8,,,21,2020,21/8/2020,3.22,3.26,3.42,3.14,8.54M,1.26%
08/20/2020,8,,,20,2020,20/8/2020,3.18,2.86,3.3,2.76,8.34M,11.19%
08/19/2020,8,,,19,2020,19/8/2020,2.86,3.1,3.1,2.84,3.29M,-4.67%
08/18/2020,8,,,18,2020,18/8/2020,3,3.24,3.3,3,4.34M,-5.66%
08/17/2020,8,,,17,2020,17/8/2020,3.18,3.18,3.3,3.12,2.74M,0.00%
08/14/2020,8,,,14,2020,14/8/2020,3.18,3.48,3.48,3.14,6.30M,-8.09%
08/13/2020,8,,,13,2020,13/8/2020,3.46,3.5,3.76,3.36,9.72M,1.17%
08-12-2020,8,12,2020,,,12/8/2020,3.42,3.42,3.54,3.08,9.00M,0.00%
08-11-2020,8,11,2020,,,11/8/2020,3.42,2.84,3.54,2.8,21.04M,24.82%
08-10-2020,8,10,2020,,,10/8/2020,2.74,2.8,2.9,2.74,4.19M,-0.72%
08-07-2020,8,7,2020,,,7/8/2020,2.76,2.92,2.92,2.66,6.28M,-2.82%
08-06-2020,8,6,2020,,,6/8/2020,2.84,2.6,2.96,2.56,14.59M,10.08%
08-05-2020,8,5,2020,,,5/8/2020,2.58,2.58,2.64,2.54,3.49M,1.57%
08-04-2020,8,4,2020,,,4/8/2020,2.54,2.52,2.6,2.5,2.68M,-0.78%
08-03-2020,8,3,2020,,,3/8/2020,2.56,2.48,2.64,2.48,5.73M,4.92%
07/31/2020,7,,,31,2020,31/7/2020,2.44,2.5,2.5,2.34,5.09M,3.39%
07/30/2020,7,,,30,2020,30/7/2020,2.36,2.28,2.42,2.22,6.99M,4.42%
07/29/2020,7,,,29,2020,29/7/2020,2.26,2.22,2.26,2.2,1.39M,2.73%
07/28/2020,7,,,28,2020,28/7/2020,2.2,2.16,2.28,2.12,3.30M,3.77%
07/27/2020,7,,,27,2020,27/7/2020,2.12,2.12,2.18,2.1,690.90K,0.00%
07/24/2020,7,,,24,2020,24/7/2020,2.12,2.24,2.24,2.1,1.81M,-5.36%
07/23/2020,7,,,23,2020,23/7/2020,2.24,2.22,2.26,2.18,869.70K,0.90%
07/22/2020,7,,,22,2020,22/7/2020,2.22,2.32,2.32,2.22,2.60M,-3.48%
07/21/2020,7,,,21,2020,21/7/2020,2.3,2.42,2.42,2.28,2.37M,-4.17%
07/20/2020,7,,,20,2020,20/7/2020,2.4,2.36,2.42,2.34,1.12M,0.84%
07/17/2020,7,,,17,2020,17/7/2020,2.38,2.32,2.4,2.32,1.32M,0.85%
07/16/2020,7,,,16,2020,16/7/2020,2.36,2.46,2.46,2.28,2.47M,-1.67%
07/15/2020,7,,,15,2020,15/7/2020,2.4,2.44,2.54,2.36,2.48M,0.84%
07/14/2020,7,,,14,2020,14/7/2020,2.38,2.48,2.48,2.36,2.07M,-2.46%
07/13/2020,7,,,13,2020,13/7/2020,2.44,2.42,2.6,2.38,5.01M,1.67%
07-10-2020,7,10,2020,,,10/7/2020,2.4,2.44,2.46,2.34,3.55M,-1.64%
07-09-2020,7,9,2020,,,9/7/2020,2.44,2.26,2.5,2.2,9.32M,8.93%
07-08-2020,7,8,2020,,,8/7/2020,2.24,2.24,2.28,2.22,2.44M,0.00%
07-07-2020,7,7,2020,,,7/7/2020,2.24,2.28,2.32,2.22,2.94M,0.00%
07-06-2020,7,6,2020,,,6/7/2020,2.24,2.2,2.26,2.18,3.49M,3.70%
07-03-2020,7,3,2020,,,3/7/2020,2.16,2.18,2.2,2.16,1.40M,-1.82%
07-02-2020,7,2,2020,,,2/7/2020,2.2,2.18,2.24,2.14,1.34M,0.00%
06/30/2020,6,,,30,2020,30/6/2020,2.2,2.18,2.24,2.18,1.21M,1.85%
06/29/2020,6,,,29,2020,29/6/2020,2.16,2.28,2.28,2.16,1.89M,-6.90%
06/26/2020,6,,,26,2020,26/6/2020,2.32,2.16,2.32,2.12,805.90K,7.41%
06/24/2020,6,,,24,2020,24/6/2020,2.16,2.1,2.4,2.1,1.67M,1.89%
06/23/2020,6,,,23,2020,23/6/2020,2.12,2.14,2.26,2.08,639.30K,0.00%
06/22/2020,6,,,22,2020,22/6/2020,2.12,2.08,2.14,2.06,1.67M,2.91%
06/19/2020,6,,,19,2020,19/6/2020,2.06,2.1,2.12,2.06,3.31M,-2.83%
06/18/2020,6,,,18,2020,18/6/2020,2.12,2.12,2.12,2.08,1.50M,-0.93%
06/17/2020,6,,,17,2020,17/6/2020,2.14,2.12,2.14,2.06,2.74M,-0.93%
06/16/2020,6,,,16,2020,16/6/2020,2.16,2.12,2.22,2.1,3.10M,2.86%
06/15/2020,6,,,15,2020,15/6/2020,2.1,2.06,2.12,2.04,1.51M,1.94%
06-12-2020,6,12,2020,,,12/6/2020,2.06,2.04,2.1,1.98,1.50M,-1.90%
06-11-2020,6,11,2020,,,11/6/2020,2.1,2.1,2.14,2.06,1.00M,0.00%
06-10-2020,6,10,2020,,,10/6/2020,2.1,2.14,2.16,2.1,1.67M,-1.87%
06-09-2020,6,9,2020,,,9/6/2020,2.14,2.06,2.2,2.02,7.64M,5.94%
06-08-2020,6,8,2020,,,8/6/2020,2.02,2.06,2.08,1.96,2.29M,0.00%
06-05-2020,6,5,2020,,,5/6/2020,2.02,1.92,2.04,1.9,2.56M,6.32%
06-04-2020,6,4,2020,,,4/6/2020,1.9,1.92,1.96,1.88,1.73M,0.00%
06-03-2020,6,3,2020,,,3/6/2020,1.9,1.92,1.92,1.88,1.45M,0.00%
06-02-2020,6,2,2020,,,2/6/2020,1.9,1.88,1.92,1.86,2.43M,2.15%
06-01-2020,6,1,2020,,,1/6/2020,1.86,1.86,1.88,1.84,1.56M,1.09%
05/29/2020,5,,,29,2020,29/5/2020,1.84,1.92,1.94,1.84,4.81M,-5.15%
05/28/2020,5,,,28,2020,28/5/2020,1.94,1.98,2,1.9,2.00M,-2.02%
05/27/2020,5,,,27,2020,27/5/2020,1.98,2.02,2.02,1.96,1.13M,-1.00%
05/26/2020,5,,,26,2020,26/5/2020,2,1.98,2.04,1.94,1.97M,1.01%
05/25/2020,5,,,25,2020,25/5/2020,1.98,2.02,2.02,1.96,1.69M,-1.98%
05/22/2020,5,,,22,2020,22/5/2020,2.02,2.1,2.12,2,2.75M,-4.72%
05/21/2020,5,,,21,2020,21/5/2020,2.12,2.18,2.2,2.1,2.17M,-0.93%
05/20/2020,5,,,20,2020,20/5/2020,2.14,2.08,2.22,2.06,5.75M,2.88%
05/19/2020,5,,,19,2020,19/5/2020,2.08,2.08,2.1,2.04,1.53M,0.97%
05/18/2020,5,,,18,2020,18/5/2020,2.06,2.04,2.06,2.02,1.92M,0.98%
05/15/2020,5,,,15,2020,15/5/2020,2.04,2.04,2.06,2.02,1.37M,-0.97%
05/14/2020,5,,,14,2020,14/5/2020,2.06,2.06,2.08,2.04,815.80K,-1.90%
05/13/2020,5,,,13,2020,13/5/2020,2.1,2.1,2.12,2.08,627.50K,-0.94%
05-12-2020,5,12,2020,,,12/5/2020,2.12,2.14,2.14,2.08,1.20M,0.00%
05-11-2020,5,11,2020,,,11/5/2020,2.12,2.14,2.16,2.08,1.02M,0.00%
05-08-2020,5,8,2020,,,8/5/2020,2.12,2.08,2.14,2.08,1.54M,2.91%
05-07-2020,5,7,2020,,,7/5/2020,2.06,2.1,2.1,2.06,623.50K,-1.90%
05-06-2020,5,6,2020,,,6/5/2020,2.1,2.12,2.12,2.06,602.50K,0.96%
05-05-2020,5,5,2020,,,5/5/2020,2.08,2.06,2.1,2.06,59.10K,0.97%
05-04-2020,5,4,2020,,,4/5/2020,2.06,2.12,2.12,2.04,195.90K,-4.63%
04/29/2020,4,,,29,2020,29/4/2020,2.16,2.18,2.2,2.12,242.40K,-0.92%
04/28/2020,4,,,28,2020,28/4/2020,2.18,2.1,2.2,2.1,370.70K,3.81%
04/27/2020,4,,,27,2020,27/4/2020,2.1,2.1,2.14,2.1,568.40K,0.00%
04/24/2020,4,,,24,2020,24/4/2020,2.1,2.1,2.1,2.04,617.20K,0.96%
04/23/2020,4,,,23,2020,23/4/2020,2.08,2.06,2.1,2.02,1.18M,2.97%
04/22/2020,4,,,22,2020,22/4/2020,2.02,2.06,2.08,2,2.05M,-2.88%
04/21/2020,4,,,21,2020,21/4/2020,2.08,2.1,2.12,2.04,856.90K,-1.89%
04/20/2020,4,,,20,2020,20/4/2020,2.12,2.16,2.16,2.1,570.20K,0.00%
04/17/2020,4,,,17,2020,17/4/2020,2.12,2.14,2.18,2.12,684.80K,0.95%
04/16/2020,4,,,16,2020,16/4/2020,2.1,2.14,2.16,2.1,605.40K,-1.87%
04/15/2020,4,,,15,2020,15/4/2020,2.14,2.2,2.22,2.12,699.50K,-1.83%
04/14/2020,4,,,14,2020,14/4/2020,2.18,2.22,2.26,2.16,1.35M,-1.80%
04-09-2020,4,9,2020,,,9/4/2020,2.22,2.16,2.22,2.16,875.70K,2.78%
04-08-2020,4,8,2020,,,8/4/2020,2.16,2.12,2.24,2.12,825.70K,1.89%
04-07-2020,4,7,2020,,,7/4/2020,2.12,2.1,2.14,2.1,1.60M,1.92%
04-06-2020,4,6,2020,,,6/4/2020,2.08,2.06,2.1,2.04,245.80K,-0.95%
04-03-2020,4,3,2020,,,3/4/2020,2.1,2.14,2.14,2.04,1.11M,-1.87%
04-02-2020,4,2,2020,,,2/4/2020,2.14,2.08,2.14,2.06,354.30K,2.88%
04-01-2020,4,1,2020,,,1/4/2020,2.08,2.2,2.2,2.06,3.43M,-3.70%
03/31/2020,3,,,31,2020,31/3/2020,2.16,2.2,2.22,2.16,1.22M,-0.92%
03/30/2020,3,,,30,2020,30/3/2020,2.18,2.16,2.22,2.1,1.87M,-0.91%
03/27/2020,3,,,27,2020,27/3/2020,2.2,2.24,2.24,2.16,1.53M,0.00%
03/26/2020,3,,,26,2020,26/3/2020,2.2,2.2,2.22,2.16,1.94M,-0.90%
03/25/2020,3,,,25,2020,25/3/2020,2.22,2.24,2.24,2.16,4.42M,2.78%
03/24/2020,3,,,24,2020,24/3/2020,2.16,2.12,2.18,2.12,2.05M,2.86%
03/23/2020,3,,,23,2020,23/3/2020,2.1,2.12,2.16,2.08,1.20M,-3.67%
03/20/2020,3,,,20,2020,20/3/2020,2.18,2.14,2.22,2.14,2.64M,3.81%
03/19/2020,3,,,19,2020,19/3/2020,2.1,2.14,2.22,2.08,1.68M,-2.78%
03/18/2020,3,,,18,2020,18/3/2020,2.16,2.24,2.3,2.12,2.33M,-2.70%
03/17/2020,3,,,17,2020,17/3/2020,2.22,2.2,2.26,2.12,2.89M,-0.89%
03/16/2020,3,,,16,2020,16/3/2020,2.24,2.44,2.44,2.2,3.13M,-8.20%
03/13/2020,3,,,13,2020,13/3/2020,2.44,2.3,2.44,2.28,3.36M,-0.81%
03-12-2020,3,12,2020,,,12/3/2020,2.46,2.6,2.62,2.44,2.75M,-5.38%
03-11-2020,3,11,2020,,,11/3/2020,2.6,2.62,2.66,2.58,2.03M,0.78%
03-10-2020,3,10,2020,,,10/3/2020,2.58,2.58,2.62,2.5,1.76M,1.57%
03-09-2020,3,9,2020,,,9/3/2020,2.54,2.68,2.7,2.52,4.34M,-8.63%
03-06-2020,3,6,2020,,,6/3/2020,2.78,2.78,2.82,2.74,777.30K,-0.71%
03-05-2020,3,5,2020,,,5/3/2020,2.8,2.8,2.82,2.76,1.79M,1.45%
03-04-2020,3,4,2020,,,4/3/2020,2.76,2.74,2.8,2.72,2.38M,0.73%
03-03-2020,3,3,2020,,,3/3/2020,2.74,2.76,2.82,2.74,1.50M,0.74%
03-02-2020,3,2,2020,,,2/3/2020,2.72,2.76,2.84,2.72,3.74M,-2.86%
02/28/2020,2,,,28,2020,28/2/2020,2.8,2.82,2.86,2.78,2.26M,-2.78%
02/27/2020,2,,,27,2020,27/2/2020,2.88,2.92,2.94,2.88,1.14M,-1.37%
02/26/2020,2,,,26,2020,26/2/2020,2.92,2.86,3,2.84,3.04M,1.39%
02/25/2020,2,,,25,2020,25/2/2020,2.88,2.84,2.94,2.84,1.33M,-0.69%
02/24/2020,2,,,24,2020,24/2/2020,2.9,3.02,3.02,2.9,2.67M,-3.33%
02/21/2020,2,,,21,2020,21/2/2020,3,3.02,3.06,3,1.52M,-1.96%
02/20/2020,2,,,20,2020,20/2/2020,3.06,3.04,3.1,3.02,2.21M,1.32%
02/19/2020,2,,,19,2020,19/2/2020,3.02,2.98,3.04,2.98,1.02M,2.03%
02/18/2020,2,,,18,2020,18/2/2020,2.96,3.02,3.04,2.96,1.71M,-1.99%
02/17/2020,2,,,17,2020,17/2/2020,3.02,3.04,3.06,3,1.16M,0.67%
02/14/2020,2,,,14,2020,14/2/2020,3,3.02,3.08,2.98,2.18M,-1.32%
02/13/2020,2,,,13,2020,13/2/2020,3.04,3.26,3.32,3.02,7.61M,-5.59%
02-12-2020,2,12,2020,,,12/2/2020,3.22,3.06,3.26,2.96,12.72M,5.23%
02-11-2020,2,11,2020,,,11/2/2020,3.06,2.9,3.06,2.84,6.59M,6.25%
02-10-2020,2,10,2020,,,10/2/2020,2.88,2.92,2.94,2.84,1.16M,-2.04%
02-07-2020,2,7,2020,,,7/2/2020,2.94,2.94,2.96,2.9,693.00K,0.00%
02-06-2020,2,6,2020,,,6/2/2020,2.94,2.84,2.98,2.84,3.10M,3.52%
02-05-2020,2,5,2020,,,5/2/2020,2.84,2.86,2.9,2.8,2.49M,-0.70%
