,Price
08-09-2025,3.7517
07-09-2025,3.7523
06-09-2025,3.7521
05-09-2025,3.7521
04-09-2025,3.7525
03-09-2025,3.7522
02-09-2025,3.7522
01-09-2025,3.7526
31-08-2025,3.7524
30-08-2025,3.7522
29-08-2025,3.7522
28-08-2025,3.7523
27-08-2025,3.7524
26-08-2025,3.7523
25-08-2025,3.752
24-08-2025,3.7522
23-08-2025,3.7528
22-08-2025,3.7528
21-08-2025,3.7528
20-08-2025,3.7527
19-08-2025,3.7526
18-08-2025,3.7523
17-08-2025,3.7522
16-08-2025,3.7526
15-08-2025,3.7526
14-08-2025,3.7524
13-08-2025,3.7523
12-08-2025,3.7527
11-08-2025,3.7529
10-08-2025,3.7532
09-08-2025,3.7529
08-08-2025,3.7529
07-08-2025,3.7529
06-08-2025,3.7523
05-08-2025,3.7519
04-08-2025,3.7515
03-08-2025,3.7513
02-08-2025,3.7514
01-08-2025,3.7513
31-07-2025,3.7511
30-07-2025,3.7512
29-07-2025,3.7508
28-07-2025,3.7514
27-07-2025,3.7516
26-07-2025,3.7516
25-07-2025,3.7516
24-07-2025,3.7515
23-07-2025,3.7517
22-07-2025,3.7514
21-07-2025,3.7513
20-07-2025,3.7509
19-07-2025,3.7512
18-07-2025,3.7511
17-07-2025,3.751
16-07-2025,3.7509
15-07-2025,3.7505
14-07-2025,3.7504
13-07-2025,3.7506
12-07-2025,3.7505
11-07-2025,3.7505
10-07-2025,3.7506
09-07-2025,3.7506
08-07-2025,3.7505
07-07-2025,3.7503
06-07-2025,3.7505
05-07-2025,3.7504
04-07-2025,3.7504
03-07-2025,3.7503
02-07-2025,3.7502
01-07-2025,3.7503
30-06-2025,3.7504
29-06-2025,3.7505
28-06-2025,3.7505
27-06-2025,3.7505
26-06-2025,3.7505
25-06-2025,3.7505
24-06-2025,3.7513
23-06-2025,3.752
22-06-2025,3.7533
21-06-2025,3.7523
20-06-2025,3.7523
19-06-2025,3.7524
18-06-2025,3.7519
17-06-2025,3.7519
16-06-2025,3.7519
15-06-2025,3.7535
14-06-2025,3.7533
13-06-2025,3.7533
12-06-2025,3.7515
11-06-2025,3.7506
10-06-2025,3.7505
09-06-2025,3.7505
08-06-2025,3.7506
07-06-2025,3.7506
06-06-2025,3.7506
05-06-2025,3.7506
04-06-2025,3.7509
03-06-2025,3.7507
02-06-2025,3.7511
01-06-2025,3.7508
31-05-2025,3.7517
30-05-2025,3.7517
29-05-2025,3.7518
28-05-2025,3.7509
27-05-2025,3.7509
26-05-2025,3.7507
25-05-2025,3.7506
24-05-2025,3.751
23-05-2025,3.751
22-05-2025,3.751
21-05-2025,3.7506
20-05-2025,3.7505
19-05-2025,3.7507
18-05-2025,3.7508
17-05-2025,3.7506
16-05-2025,3.7508
15-05-2025,3.7508
14-05-2025,3.7508
13-05-2025,3.7507
12-05-2025,3.7508
11-05-2025,3.7508
10-05-2025,3.7508
09-05-2025,3.7508
08-05-2025,3.7509
07-05-2025,3.7509
06-05-2025,3.7509
05-05-2025,3.7505
03-05-2025,3.7501
02-05-2025,3.7501
01-05-2025,3.7504
30-04-2025,3.751
29-04-2025,3.7509
28-04-2025,3.7513
26-04-2025,3.7513
25-04-2025,3.7513
24-04-2025,3.7511
23-04-2025,3.751
22-04-2025,3.751
21-04-2025,3.7517
19-04-2025,3.752
18-04-2025,3.7519
17-04-2025,3.752
16-04-2025,3.7523
15-04-2025,3.7523
14-04-2025,3.7526
12-04-2025,3.7538
11-04-2025,3.7538
10-04-2025,3.7536
09-04-2025,3.754
08-04-2025,3.7538
07-04-2025,3.7544
05-04-2025,3.7524
04-04-2025,3.7524
03-04-2025,3.7505
02-04-2025,3.7504
01-04-2025,3.7513
31-03-2025,3.751
29-03-2025,3.7509
28-03-2025,3.7509
27-03-2025,3.7507
26-03-2025,3.7511
25-03-2025,3.7515
24-03-2025,3.7511
22-03-2025,3.7511
21-03-2025,3.7511
20-03-2025,3.7509
19-03-2025,3.7507
18-03-2025,3.7495
17-03-2025,3.7504
15-03-2025,3.7493
14-03-2025,3.7494
13-03-2025,3.7495
12-03-2025,3.7495
11-03-2025,3.7502
10-03-2025,3.7513
08-03-2025,3.7507
07-03-2025,3.7505
06-03-2025,3.7499
05-03-2025,3.7496
04-03-2025,3.7503
03-03-2025,3.7503
01-03-2025,3.7503
28-02-2025,3.75
27-02-2025,3.7503
26-02-2025,3.7502
25-02-2025,3.7498
24-02-2025,3.7498
22-02-2025,3.749
21-02-2025,3.749
20-02-2025,3.75
19-02-2025,3.7503
18-02-2025,3.7503
17-02-2025,3.7504
15-02-2025,3.7495
14-02-2025,3.7495
13-02-2025,3.7505
12-02-2025,3.7505
11-02-2025,3.75
10-02-2025,3.75
08-02-2025,3.7505
07-02-2025,3.7505
06-02-2025,3.7495
05-02-2025,3.7506
04-02-2025,3.7505
03-02-2025,3.7506
01-02-2025,3.7495
31-01-2025,3.7495
30-01-2025,3.751
29-01-2025,3.7495
28-01-2025,3.7507
27-01-2025,3.7507
25-01-2025,3.7499
24-01-2025,3.7499
23-01-2025,3.7508
22-01-2025,3.7509
21-01-2025,3.7515
20-01-2025,3.752
18-01-2025,3.7515
17-01-2025,3.7508
16-01-2025,3.752
15-01-2025,3.7528
14-01-2025,3.7535
13-01-2025,3.7541
11-01-2025,3.7538
10-01-2025,3.7538
09-01-2025,3.7541
08-01-2025,3.7538
07-01-2025,3.7547
06-01-2025,3.755
04-01-2025,3.7548
03-01-2025,3.7548
02-01-2025,3.756
01-01-2025,3.757
31-12-2024,3.757
30-12-2024,3.753
28-12-2024,3.752
27-12-2024,3.752
26-12-2024,3.754
25-12-2024,3.754
24-12-2024,3.754
23-12-2024,3.7558
21-12-2024,3.754
20-12-2024,3.754
19-12-2024,3.7565
18-12-2024,3.757
17-12-2024,3.7574
16-12-2024,3.757
14-12-2024,3.7572
13-12-2024,3.7572
12-12-2024,3.757
11-12-2024,3.7578
10-12-2024,3.757
09-12-2024,3.7568
07-12-2024,3.7572
06-12-2024,3.7555
05-12-2024,3.756
04-12-2024,3.7582
03-12-2024,3.757
02-12-2024,3.7566
30-11-2024,3.7566
29-11-2024,3.7566
28-11-2024,3.7563
27-11-2024,3.755
26-11-2024,3.7568
25-11-2024,3.755
23-11-2024,3.7532
22-11-2024,3.7532
21-11-2024,3.7544
20-11-2024,3.7542
19-11-2024,3.754
18-11-2024,3.7519
16-11-2024,3.7532
15-11-2024,3.7532
14-11-2024,3.7535
13-11-2024,3.7573
12-11-2024,3.7571
11-11-2024,3.756
09-11-2024,3.7555
08-11-2024,3.7555
07-11-2024,3.754
06-11-2024,3.7565
05-11-2024,3.7563
04-11-2024,3.7537
02-11-2024,3.7535
01-11-2024,3.7535
31-10-2024,3.7532
30-10-2024,3.7556
29-10-2024,3.7533
28-10-2024,3.755
26-10-2024,3.7558
25-10-2024,3.7558
24-10-2024,3.7558
23-10-2024,3.7552
22-10-2024,3.7552
21-10-2024,3.7555
19-10-2024,3.7553
18-10-2024,3.7553
17-10-2024,3.7554
16-10-2024,3.7555
15-10-2024,3.7542
14-10-2024,3.7547
12-10-2024,3.753
11-10-2024,3.7525
10-10-2024,3.7545
09-10-2024,3.7523
08-10-2024,3.7543
07-10-2024,3.756
05-10-2024,3.756
04-10-2024,3.756
03-10-2024,3.7539
02-10-2024,3.7509
01-10-2024,3.7516
30-09-2024,3.7513
28-09-2024,3.751
27-09-2024,3.751
26-09-2024,3.7509
25-09-2024,3.7518
24-09-2024,3.7515
23-09-2024,3.752
20-09-2024,3.7519
19-09-2024,3.7524
18-09-2024,3.7529
17-09-2024,3.7534
16-09-2024,3.753
14-09-2024,3.7527
13-09-2024,3.7527
12-09-2024,3.7526
11-09-2024,3.7526
10-09-2024,3.7519
09-09-2024,3.7531
07-09-2024,3.7537
06-09-2024,3.7537
05-09-2024,3.7537
04-09-2024,3.7533
03-09-2024,3.7529
02-09-2024,3.7525
31-08-2024,3.7525
30-08-2024,3.7525
29-08-2024,3.7523
28-08-2024,3.7525
27-08-2024,3.7522
26-08-2024,3.7521
24-08-2024,3.752
23-08-2024,3.752
22-08-2024,3.7519
21-08-2024,3.7519
20-08-2024,3.7521
19-08-2024,3.7522
17-08-2024,3.7526
16-08-2024,3.7526
15-08-2024,3.7525
14-08-2024,3.753
13-08-2024,3.754
12-08-2024,3.7538
10-08-2024,3.7533
09-08-2024,3.7533
08-08-2024,3.7526
07-08-2024,3.7541
06-08-2024,3.7545
05-08-2024,3.7534
02-08-2024,3.7526
01-08-2024,3.7523
31-07-2024,3.7518
30-07-2024,3.7515
29-07-2024,3.7514
27-07-2024,3.7515
26-07-2024,3.7515
25-07-2024,3.7514
24-07-2024,3.7513
23-07-2024,3.7511
22-07-2024,3.7508
20-07-2024,3.7508
19-07-2024,3.7508
18-07-2024,3.7507
17-07-2024,3.7507
16-07-2024,3.7506
15-07-2024,3.7506
13-07-2024,3.7506
12-07-2024,3.7506
11-07-2024,3.7506
10-07-2024,3.7506
09-07-2024,3.7507
08-07-2024,3.751
06-07-2024,3.7511
05-07-2024,3.7511
04-07-2024,3.7512
03-07-2024,3.7513
02-07-2024,3.7515
01-07-2024,3.7516
29-06-2024,3.7515
28-06-2024,3.7515
27-06-2024,3.7514
26-06-2024,3.7515
25-06-2024,3.7518
24-06-2024,3.7514
21-06-2024,3.751
20-06-2024,3.7514
19-06-2024,3.7515
18-06-2024,3.7519
17-06-2024,3.752
14-06-2024,3.7515
13-06-2024,3.7511
12-06-2024,3.7507
11-06-2024,3.7503
10-06-2024,3.7501
07-06-2024,3.7504
06-06-2024,3.7504
05-06-2024,3.7504
04-06-2024,3.7505
03-06-2024,3.7503
01-06-2024,3.7506
31-05-2024,3.7506
30-05-2024,3.7506
29-05-2024,3.7505
28-05-2024,3.7504
27-05-2024,3.7504
25-05-2024,3.7505
24-05-2024,3.7505
23-05-2024,3.7503
22-05-2024,3.7504
21-05-2024,3.7503
20-05-2024,3.7503
18-05-2024,3.7503
17-05-2024,3.7503
16-05-2024,3.7503
15-05-2024,3.7503
14-05-2024,3.7503
13-05-2024,3.7504
11-05-2024,3.7504
10-05-2024,3.7504
09-05-2024,3.7504
08-05-2024,3.7504
07-05-2024,3.7504
06-05-2024,3.7505
04-05-2024,3.7505
03-05-2024,3.7505
02-05-2024,3.7505
01-05-2024,3.7504
30-04-2024,3.7505
29-04-2024,3.7505
27-04-2024,3.7505
26-04-2024,3.7505
25-04-2024,3.7505
24-04-2024,3.7506
23-04-2024,3.7507
22-04-2024,3.7508
20-04-2024,3.7512
19-04-2024,3.7512
18-04-2024,3.7511
17-04-2024,3.751
16-04-2024,3.751
15-04-2024,3.751
12-04-2024,3.7509
11-04-2024,3.7508
10-04-2024,3.7508
09-04-2024,3.7508
08-04-2024,3.7508
06-04-2024,3.7508
05-04-2024,3.7508
04-04-2024,3.7508
03-04-2024,3.7506
02-04-2024,3.7507
01-04-2024,3.7506
29-03-2024,3.7504
28-03-2024,3.7504
27-03-2024,3.7506
26-03-2024,3.7505
25-03-2024,3.7503
23-03-2024,3.7502
22-03-2024,3.7502
21-03-2024,3.7502
20-03-2024,3.7502
19-03-2024,3.7502
18-03-2024,3.7502
16-03-2024,3.7502
15-03-2024,3.7502
14-03-2024,3.7502
13-03-2024,3.7503
12-03-2024,3.7504
11-03-2024,3.7505
09-03-2024,3.7505
08-03-2024,3.7505
07-03-2024,3.7505
06-03-2024,3.7504
05-03-2024,3.7503
04-03-2024,3.7502
02-03-2024,3.7502
01-03-2024,3.7502
29-02-2024,3.7502
28-02-2024,3.7504
27-02-2024,3.7503
26-02-2024,3.7504
24-02-2024,3.7504
23-02-2024,3.7504
22-02-2024,3.7503
21-02-2024,3.7453
20-02-2024,3.7502
19-02-2024,3.7502
16-02-2024,3.7499
15-02-2024,3.7502
14-02-2024,3.7503
13-02-2024,3.7501
12-02-2024,3.75
10-02-2024,3.7501
09-02-2024,3.7501
08-02-2024,3.7501
07-02-2024,3.7502
06-02-2024,3.7501
05-02-2024,3.7501
03-02-2024,3.75
02-02-2024,3.75
01-02-2024,3.75
31-01-2024,3.75
30-01-2024,3.75
29-01-2024,3.75
27-01-2024,3.75
26-01-2024,3.75
25-01-2024,3.75
24-01-2024,3.7501
23-01-2024,3.7503
22-01-2024,3.7505
20-01-2024,3.7505
19-01-2024,3.7505
18-01-2024,3.7505
17-01-2024,3.7504
16-01-2024,3.7504
15-01-2024,3.7502
12-01-2024,3.7487
11-01-2024,3.7501
10-01-2024,3.7502
09-01-2024,3.75
08-01-2024,3.7501
05-01-2024,3.7476
04-01-2024,3.7502
03-01-2024,3.7502
02-01-2024,3.7501
01-01-2024,3.7495
30-12-2023,3.7498
29-12-2023,3.7498
28-12-2023,3.7498
27-12-2023,3.75
26-12-2023,3.7504
25-12-2023,3.7505
22-12-2023,3.7505
21-12-2023,3.7511
20-12-2023,3.7465
19-12-2023,3.7511
18-12-2023,3.7515
15-12-2023,3.7494
14-12-2023,3.7512
13-12-2023,3.7509
12-12-2023,3.7508
11-12-2023,3.7506
09-12-2023,3.7506
08-12-2023,3.7506
07-12-2023,3.7506
06-12-2023,3.7506
05-12-2023,3.7506
04-12-2023,3.7512
02-12-2023,3.7512
01-12-2023,3.7512
30-11-2023,3.7514
29-11-2023,3.7512
28-11-2023,3.7506
27-11-2023,3.7505
24-11-2023,3.748
23-11-2023,3.7505
22-11-2023,3.7505
21-11-2023,3.7505
20-11-2023,3.7504
18-11-2023,3.7502
17-11-2023,3.7502
16-11-2023,3.7476
15-11-2023,3.7477
14-11-2023,3.7505
13-11-2023,3.7507
10-11-2023,3.7508
09-11-2023,3.7508
08-11-2023,3.7511
07-11-2023,3.7513
06-11-2023,3.7514
03-11-2023,3.751
02-11-2023,3.7514
01-11-2023,3.7514
31-10-2023,3.7515
30-10-2023,3.7516
27-10-2023,3.7491
26-10-2023,3.7515
25-10-2023,3.7512
24-10-2023,3.7512
23-10-2023,3.7511
20-10-2023,3.7508
19-10-2023,3.7508
18-10-2023,3.7509
17-10-2023,3.7509
16-10-2023,3.7509
14-10-2023,3.7507
13-10-2023,3.7507
12-10-2023,3.7488
11-10-2023,3.7509
10-10-2023,3.7507
09-10-2023,3.7508
07-10-2023,3.7505
06-10-2023,3.7505
05-10-2023,3.7505
04-10-2023,3.7505
03-10-2023,3.7505
02-10-2023,3.7505
30-09-2023,3.7503
29-09-2023,3.7503
28-09-2023,3.7503
27-09-2023,3.751
26-09-2023,3.7512
25-09-2023,3.7509
23-09-2023,3.7508
22-09-2023,3.7508
21-09-2023,3.7506
20-09-2023,3.7506
19-09-2023,3.7506
18-09-2023,3.7506
16-09-2023,3.7505
15-09-2023,3.7505
14-09-2023,3.7505
13-09-2023,3.7505
12-09-2023,3.7483
11-09-2023,3.7488
09-09-2023,3.7508
08-09-2023,3.7508
07-09-2023,3.7507
06-09-2023,3.7508
05-09-2023,3.7509
04-09-2023,3.751
03-09-2023,3.7508
02-09-2023,3.7505
01-09-2023,3.7505
31-08-2023,3.7505
30-08-2023,3.7512
29-08-2023,3.7511
28-08-2023,3.7514
27-08-2023,3.7514
26-08-2023,3.751
25-08-2023,3.751
24-08-2023,3.7514
23-08-2023,3.7508
22-08-2023,3.7508
21-08-2023,3.7506
20-08-2023,3.7502
18-08-2023,3.7499
17-08-2023,3.7502
16-08-2023,3.7503
15-08-2023,3.7507
14-08-2023,3.7514
13-08-2023,3.7518
12-08-2023,3.7518
11-08-2023,3.7518
10-08-2023,3.7508
09-08-2023,3.7508
08-08-2023,3.7517
07-08-2023,3.7489
06-08-2023,3.7515
04-08-2023,3.751
03-08-2023,3.7484
02-08-2023,3.7492
01-08-2023,3.752
31-07-2023,3.7515
30-07-2023,3.7505
29-07-2023,3.7505
28-07-2023,3.7505
27-07-2023,3.7511
26-07-2023,3.7505
25-07-2023,3.7495
24-07-2023,3.7505
23-07-2023,3.7505
21-07-2023,3.7506
20-07-2023,3.7511
19-07-2023,3.746
18-07-2023,3.749
17-07-2023,3.7476
16-07-2023,3.7512
15-07-2023,3.7513
14-07-2023,3.7513
13-07-2023,3.7517
12-07-2023,3.7514
11-07-2023,3.7509
10-07-2023,3.7512
09-07-2023,3.7513
08-07-2023,3.7513
07-07-2023,3.7513
06-07-2023,3.7514
05-07-2023,3.7508
04-07-2023,3.7502
03-07-2023,3.7503
02-07-2023,3.7504
30-06-2023,3.7483
29-06-2023,3.7504
28-06-2023,3.7504
27-06-2023,3.7504
26-06-2023,3.7504
25-06-2023,3.751
24-06-2023,3.751
23-06-2023,3.751
22-06-2023,3.7509
21-06-2023,3.7514
20-06-2023,3.7507
19-06-2023,3.7508
18-06-2023,3.7504
17-06-2023,3.7501
16-06-2023,3.7501
15-06-2023,3.7504
14-06-2023,3.7475
13-06-2023,3.75
12-06-2023,3.75
11-06-2023,3.7504
10-06-2023,3.7504
09-06-2023,3.7504
08-06-2023,3.7503
07-06-2023,3.75
06-06-2023,3.75
05-06-2023,3.75
04-06-2023,3.7506
03-06-2023,3.7506
02-06-2023,3.7506
01-06-2023,3.7501
31-05-2023,3.7507
30-05-2023,3.75
29-05-2023,3.75
28-05-2023,3.7503
26-05-2023,3.7483
25-05-2023,3.7499
24-05-2023,3.7502
23-05-2023,3.7499
22-05-2023,3.7499
21-05-2023,3.7499
19-05-2023,3.7463
18-05-2023,3.7499
17-05-2023,3.7477
16-05-2023,3.7499
15-05-2023,3.75
14-05-2023,3.7501
13-05-2023,3.7501
12-05-2023,3.7501
11-05-2023,3.7501
10-05-2023,3.7501
09-05-2023,3.7501
08-05-2023,3.7501
07-05-2023,3.7501
05-05-2023,3.7477
04-05-2023,3.7503
03-05-2023,3.7476
02-05-2023,3.75
01-05-2023,3.7504
30-04-2023,3.7506
29-04-2023,3.7506
28-04-2023,3.7506
27-04-2023,3.7507
26-04-2023,3.751
25-04-2023,3.7506
24-04-2023,3.7505
22-04-2023,3.7505
21-04-2023,3.7505
20-04-2023,3.7503
19-04-2023,3.7502
18-04-2023,3.748
17-04-2023,3.7501
16-04-2023,3.7509
15-04-2023,3.7509
14-04-2023,3.7509
13-04-2023,3.7508
12-04-2023,3.7508
11-04-2023,3.7512
10-04-2023,3.7514
09-04-2023,3.7515
08-04-2023,3.7515
07-04-2023,3.7515
06-04-2023,3.7513
05-04-2023,3.7513
04-04-2023,3.7505
03-04-2023,3.7505
02-04-2023,3.7535
01-04-2023,3.7534
31-03-2023,3.7534
30-03-2023,3.7536
29-03-2023,3.7548
28-03-2023,3.7552
27-03-2023,3.7553
26-03-2023,3.7563
25-03-2023,3.7563
24-03-2023,3.7563
23-03-2023,3.7563
22-03-2023,3.756
21-03-2023,3.7568
20-03-2023,3.756
19-03-2023,3.756
18-03-2023,3.7559
17-03-2023,3.7559
16-03-2023,3.7559
15-03-2023,3.7555
14-03-2023,3.7547
13-03-2023,3.7541
12-03-2023,3.754
11-03-2023,3.754
10-03-2023,3.754
09-03-2023,3.754
08-03-2023,3.754
07-03-2023,3.7534
06-03-2023,3.7529
05-03-2023,3.7529
04-03-2023,3.7529
03-03-2023,3.7529
02-03-2023,3.7531
01-03-2023,3.7524
28-02-2023,3.7525
27-02-2023,3.7526
26-02-2023,3.7519
24-02-2023,3.7468
23-02-2023,3.7519
22-02-2023,3.7512
21-02-2023,3.7506
20-02-2023,3.7505
19-02-2023,3.7505
17-02-2023,3.7495
16-02-2023,3.7506
15-02-2023,3.7512
14-02-2023,3.7519
13-02-2023,3.7498
12-02-2023,3.7526
11-02-2023,3.7525
10-02-2023,3.7525
09-02-2023,3.7526
08-02-2023,3.752
07-02-2023,3.7517
06-02-2023,3.7516
05-02-2023,3.7523
04-02-2023,3.7524
03-02-2023,3.7524
02-02-2023,3.7523
01-02-2023,3.7524
31-01-2023,3.7528
30-01-2023,3.7538
29-01-2023,3.7536
28-01-2023,3.7536
27-01-2023,3.7536
26-01-2023,3.7537
25-01-2023,3.7541
24-01-2023,3.7542
23-01-2023,3.7545
22-01-2023,3.7555
20-01-2023,3.7541
19-01-2023,3.756
18-01-2023,3.7529
17-01-2023,3.7555
16-01-2023,3.7556
15-01-2023,3.7557
14-01-2023,3.7557
13-01-2023,3.7557
12-01-2023,3.7557
11-01-2023,3.7556
10-01-2023,3.7518
09-01-2023,3.7558
08-01-2023,3.758
07-01-2023,3.758
06-01-2023,3.758
05-01-2023,3.758
04-01-2023,3.759
03-01-2023,3.7593
02-01-2023,3.7585
01-01-2023,3.7585
31-12-2022,3.757
30-12-2022,3.757
29-12-2022,3.7585
28-12-2022,3.758
27-12-2022,3.7575
26-12-2022,3.761
25-12-2022,3.7595
23-12-2022,3.7573
22-12-2022,3.76
21-12-2022,3.76
20-12-2022,3.76
19-12-2022,3.76
18-12-2022,3.7607
17-12-2022,3.7607
16-12-2022,3.7607
15-12-2022,3.76
14-12-2022,3.7595
13-12-2022,3.7592
12-12-2022,3.7605
11-12-2022,3.76
10-12-2022,3.76
09-12-2022,3.76
08-12-2022,3.7597
07-12-2022,3.76
06-12-2022,3.759
05-12-2022,3.7585
04-12-2022,3.7585
02-12-2022,3.757
01-12-2022,3.759
30-11-2022,3.759
29-11-2022,3.758
28-11-2022,3.757
27-11-2022,3.7575
26-11-2022,3.7575
25-11-2022,3.7575
24-11-2022,3.7573
23-11-2022,3.7582
22-11-2022,3.758
21-11-2022,3.758
20-11-2022,3.758
19-11-2022,3.758
18-11-2022,3.758
17-11-2022,3.758
16-11-2022,3.7582
15-11-2022,3.7575
14-11-2022,3.7582
13-11-2022,3.759
11-11-2022,3.7587
10-11-2022,3.759
09-11-2022,3.76
08-11-2022,3.7592
07-11-2022,3.7575
06-11-2022,3.7575
05-11-2022,3.7575
04-11-2022,3.7575
03-11-2022,3.7585
02-11-2022,3.7575
01-11-2022,3.7575
31-10-2022,3.7568
30-10-2022,3.758
29-10-2022,3.758
28-10-2022,3.758
27-10-2022,3.755
26-10-2022,3.758
25-10-2022,3.758
24-10-2022,3.7575
23-10-2022,3.758
22-10-2022,3.758
21-10-2022,3.758
20-10-2022,3.756
19-10-2022,3.7575
18-10-2022,3.755
17-10-2022,3.759
16-10-2022,3.7565
14-10-2022,3.756
13-10-2022,3.7565
12-10-2022,3.757
11-10-2022,3.757
10-10-2022,3.758
09-10-2022,3.758
08-10-2022,3.758
07-10-2022,3.758
06-10-2022,3.758
05-10-2022,3.76
04-10-2022,3.758
03-10-2022,3.758
02-10-2022,3.757
01-10-2022,3.756
30-09-2022,3.756
29-09-2022,3.758
28-09-2022,3.765
27-09-2022,3.761
26-09-2022,3.76
25-09-2022,3.762
24-09-2022,3.762
23-09-2022,3.762
22-09-2022,3.7615
21-09-2022,3.7615
20-09-2022,3.761
19-09-2022,3.759
18-09-2022,3.757
16-09-2022,3.756
15-09-2022,3.7565
14-09-2022,3.759
13-09-2022,3.7575
12-09-2022,3.7573
11-09-2022,3.757
10-09-2022,3.757
09-09-2022,3.757
08-09-2022,3.7583
07-09-2022,3.7575
06-09-2022,3.7578
05-09-2022,3.7585
04-09-2022,3.7585
03-09-2022,3.7585
02-09-2022,3.7585
01-09-2022,3.7565
31-08-2022,3.758
30-08-2022,3.7555
29-08-2022,3.7555
28-08-2022,3.7565
27-08-2022,3.7565
26-08-2022,3.7565
25-08-2022,3.756
24-08-2022,3.7575
23-08-2022,3.7554
22-08-2022,3.7552
21-08-2022,3.7554
20-08-2022,3.7554
19-08-2022,3.7554
18-08-2022,3.7555
17-08-2022,3.7541
16-08-2022,3.754
15-08-2022,3.7548
14-08-2022,3.754
13-08-2022,3.754
12-08-2022,3.754
11-08-2022,3.756
10-08-2022,3.759
09-08-2022,3.759
08-08-2022,3.7583
07-08-2022,3.757
06-08-2022,3.757
05-08-2022,3.757
04-08-2022,3.756
03-08-2022,3.7598
02-08-2022,3.7568
01-08-2022,3.7556
31-07-2022,3.7558
30-07-2022,3.7558
29-07-2022,3.7558
28-07-2022,3.7558
27-07-2022,3.7558
26-07-2022,3.7572
25-07-2022,3.7574
24-07-2022,3.7575
22-07-2022,3.7562
21-07-2022,3.7575
20-07-2022,3.7575
19-07-2022,3.7545
18-07-2022,3.7541
17-07-2022,3.7547
16-07-2022,3.7547
15-07-2022,3.7547
14-07-2022,3.7538
13-07-2022,3.7531
12-07-2022,3.7532
11-07-2022,3.7539
09-07-2022,3.7539
08-07-2022,3.7539
07-07-2022,3.7539
06-07-2022,3.7539
05-07-2022,3.7539
04-07-2022,3.7527
03-07-2022,3.7524
02-07-2022,3.7524
01-07-2022,3.7524
30-06-2022,3.7519
29-06-2022,3.7519
28-06-2022,3.753
27-06-2022,3.7532
26-06-2022,3.7524
25-06-2022,3.7524
24-06-2022,3.7524
23-06-2022,3.7522
22-06-2022,3.7521
21-06-2022,3.7521
20-06-2022,3.7521
18-06-2022,3.7521
17-06-2022,3.7521
16-06-2022,3.752
15-06-2022,3.7519
14-06-2022,3.7518
13-06-2022,3.7515
11-06-2022,3.7513
10-06-2022,3.7513
09-06-2022,3.7515
08-06-2022,3.7512
07-06-2022,3.7511
06-06-2022,3.7508
04-06-2022,3.7507
03-06-2022,3.7507
02-06-2022,3.7507
01-06-2022,3.7505
31-05-2022,3.7504
30-05-2022,3.7508
28-05-2022,3.7509
27-05-2022,3.7509
26-05-2022,3.7506
25-05-2022,3.7509
24-05-2022,3.7508
23-05-2022,3.751
22-05-2022,3.751
21-05-2022,3.751
20-05-2022,3.751
19-05-2022,3.751
18-05-2022,3.751
17-05-2022,3.7509
16-05-2022,3.751
14-05-2022,3.7509
13-05-2022,3.7509
12-05-2022,3.7509
11-05-2022,3.751
10-05-2022,3.7509
09-05-2022,3.7509
07-05-2022,3.7507
06-05-2022,3.7507
05-05-2022,3.7508
04-05-2022,3.7508
03-05-2022,3.7507
02-05-2022,3.7507
30-04-2022,3.7507
29-04-2022,3.7507
28-04-2022,3.7507
27-04-2022,3.7507
26-04-2022,3.7508
25-04-2022,3.7508
23-04-2022,3.7503
22-04-2022,3.7503
21-04-2022,3.7503
20-04-2022,3.7502
19-04-2022,3.7499
18-04-2022,3.7499
16-04-2022,3.75
15-04-2022,3.75
14-04-2022,3.75
13-04-2022,3.75
12-04-2022,3.75
11-04-2022,3.75
09-04-2022,3.7502
08-04-2022,3.7502
07-04-2022,3.7506
06-04-2022,3.7509
05-04-2022,3.7512
04-04-2022,3.7513
02-04-2022,3.7512
01-04-2022,3.7512
31-03-2022,3.7514
30-03-2022,3.7516
29-03-2022,3.7525
28-03-2022,3.7513
26-03-2022,3.7511
25-03-2022,3.7511
24-03-2022,3.751
23-03-2022,3.751
22-03-2022,3.7512
21-03-2022,3.7514
19-03-2022,3.7515
18-03-2022,3.7515
17-03-2022,3.7518
16-03-2022,3.7518
15-03-2022,3.7516
14-03-2022,3.7515
12-03-2022,3.7514
11-03-2022,3.7514
10-03-2022,3.7514
09-03-2022,3.7516
08-03-2022,3.7518
07-03-2022,3.7519
05-03-2022,3.7518
04-03-2022,3.7518
03-03-2022,3.7518
02-03-2022,3.7517
01-03-2022,3.7517
28-02-2022,3.7516
25-02-2022,3.751
24-02-2022,3.7517
23-02-2022,3.7517
22-02-2022,3.7518
21-02-2022,3.7518
19-02-2022,3.7522
18-02-2022,3.7522
17-02-2022,3.7523
16-02-2022,3.7523
15-02-2022,3.7521
14-02-2022,3.7517
12-02-2022,3.7516
11-02-2022,3.7516
10-02-2022,3.7516
09-02-2022,3.7516
08-02-2022,3.7516
07-02-2022,3.7516
05-02-2022,3.7516
04-02-2022,3.7516
03-02-2022,3.7516
02-02-2022,3.7516
01-02-2022,3.7516
31-01-2022,3.7518
28-01-2022,3.7515
27-01-2022,3.7518
26-01-2022,3.7512
25-01-2022,3.7509
24-01-2022,3.7509
22-01-2022,3.7509
21-01-2022,3.7509
20-01-2022,3.7511
19-01-2022,3.7513
18-01-2022,3.7518
17-01-2022,3.752
15-01-2022,3.7524
14-01-2022,3.7524
13-01-2022,3.7529
12-01-2022,3.7531
11-01-2022,3.7535
10-01-2022,3.7535
07-01-2022,3.7528
06-01-2022,3.7543
05-01-2022,3.7558
04-01-2022,3.7548
03-01-2022,3.754
01-01-2022,3.7538
31-12-2021,3.7538
30-12-2021,3.7538
29-12-2021,3.753
28-12-2021,3.7556
27-12-2021,3.755
25-12-2021,3.755
24-12-2021,3.755
23-12-2021,3.7546
22-12-2021,3.754
21-12-2021,3.754
20-12-2021,3.7535
18-12-2021,3.7526
17-12-2021,3.7526
16-12-2021,3.7526
15-12-2021,3.7515
14-12-2021,3.7514
13-12-2021,3.7513
10-12-2021,3.751
09-12-2021,3.7513
08-12-2021,3.751
07-12-2021,3.7513
06-12-2021,3.7513
04-12-2021,3.7513
03-12-2021,3.7513
02-12-2021,3.7513
01-12-2021,3.7515
30-11-2021,3.7515
29-11-2021,3.7513
26-11-2021,3.7512
25-11-2021,3.7508
24-11-2021,3.7508
23-11-2021,3.7513
22-11-2021,3.7511
20-11-2021,3.751
19-11-2021,3.751
18-11-2021,3.7509
17-11-2021,3.7508
16-11-2021,3.7507
15-11-2021,3.7506
13-11-2021,3.7504
12-11-2021,3.7504
11-11-2021,3.7504
10-11-2021,3.7505
09-11-2021,3.7503
08-11-2021,3.7504
06-11-2021,3.7508
05-11-2021,3.7504
04-11-2021,3.7508
03-11-2021,3.7511
02-11-2021,3.751
01-11-2021,3.7509
30-10-2021,3.7508
29-10-2021,3.7508
28-10-2021,3.7509
27-10-2021,3.7507
26-10-2021,3.7507
25-10-2021,3.7507
23-10-2021,3.7507
22-10-2021,3.7507
21-10-2021,3.7507
20-10-2021,3.7507
19-10-2021,3.7507
18-10-2021,3.7507
16-10-2021,3.7507
15-10-2021,3.7507
14-10-2021,3.7507
13-10-2021,3.7506
12-10-2021,3.7508
11-10-2021,3.7503
08-10-2021,3.75
07-10-2021,3.7502
06-10-2021,3.7502
05-10-2021,3.7502
04-10-2021,3.7504
01-10-2021,3.7503
30-09-2021,3.7504
29-09-2021,3.7508
28-09-2021,3.751
27-09-2021,3.7509
24-09-2021,3.7506
23-09-2021,3.7505
22-09-2021,3.7507
21-09-2021,3.7502
20-09-2021,3.75
17-09-2021,3.7493
16-09-2021,3.7497
15-09-2021,3.7501
14-09-2021,3.7506
13-09-2021,3.7506
11-09-2021,3.7505
10-09-2021,3.7505
09-09-2021,3.7503
08-09-2021,3.7505
07-09-2021,3.7504
06-09-2021,3.7503
03-09-2021,3.7499
02-09-2021,3.7504
01-09-2021,3.7504
31-08-2021,3.7506
30-08-2021,3.7505
27-08-2021,3.7503
26-08-2021,3.7504
25-08-2021,3.7503
24-08-2021,3.75
23-08-2021,3.7502
20-08-2021,3.7499
19-08-2021,3.7503
18-08-2021,3.7503
17-08-2021,3.7504
16-08-2021,3.7504
13-08-2021,3.7501
12-08-2021,3.7502
11-08-2021,3.7502
10-08-2021,3.7501
09-08-2021,3.7502
07-08-2021,3.7502
06-08-2021,3.7502
05-08-2021,3.7501
04-08-2021,3.7499
03-08-2021,3.7497
02-08-2021,3.7502
30-07-2021,3.7501
29-07-2021,3.7504
28-07-2021,3.7504
27-07-2021,3.7505
26-07-2021,3.7505
24-07-2021,3.7508
23-07-2021,3.7508
22-07-2021,3.7507
21-07-2021,3.7505
20-07-2021,3.7506
19-07-2021,3.7506
18-07-2021,3.7506
16-07-2021,3.7505
15-07-2021,3.7506
14-07-2021,3.7504
13-07-2021,3.7503
12-07-2021,3.7507
11-07-2021,3.7507
10-07-2021,3.7507
09-07-2021,3.7507
08-07-2021,3.7506
07-07-2021,3.7505
06-07-2021,3.7506
05-07-2021,3.7497
04-07-2021,3.7504
03-07-2021,3.7504
02-07-2021,3.7504
01-07-2021,3.7504
30-06-2021,3.7505
29-06-2021,3.7503
28-06-2021,3.7502
27-06-2021,3.7501
25-06-2021,3.75
24-06-2021,3.7501
23-06-2021,3.75
22-06-2021,3.7499
21-06-2021,3.7501
20-06-2021,3.7501
18-06-2021,3.7499
17-06-2021,3.7501
16-06-2021,3.7501
15-06-2021,3.7502
14-06-2021,3.7499
13-06-2021,3.7503
11-06-2021,3.75
10-06-2021,3.75
09-06-2021,3.75
08-06-2021,3.7504
07-06-2021,3.75
06-06-2021,3.7502
04-06-2021,3.7499
03-06-2021,3.7499
02-06-2021,3.7499
01-06-2021,3.75
31-05-2021,3.7502
30-05-2021,3.7501
28-05-2021,3.7499
27-05-2021,3.7501
26-05-2021,3.7507
25-05-2021,3.7499
24-05-2021,3.75
23-05-2021,3.7501
22-05-2021,3.7501
21-05-2021,3.7501
20-05-2021,3.7501
19-05-2021,3.7502
18-05-2021,3.7502
17-05-2021,3.7502
16-05-2021,3.7502
15-05-2021,3.7502
14-05-2021,3.7502
13-05-2021,3.7502
12-05-2021,3.7502
11-05-2021,3.7502
10-05-2021,3.7502
09-05-2021,3.7502
07-05-2021,3.75
06-05-2021,3.7499
05-05-2021,3.7502
04-05-2021,3.75
03-05-2021,3.75
02-05-2021,3.7502
30-04-2021,3.7499
29-04-2021,3.7501
28-04-2021,3.7499
27-04-2021,3.7499
26-04-2021,3.7501
25-04-2021,3.7502
23-04-2021,3.7498
22-04-2021,3.75
21-04-2021,3.7499
20-04-2021,3.7503
19-04-2021,3.7501
18-04-2021,3.7504
16-04-2021,3.7502
15-04-2021,3.7503
14-04-2021,3.7502
13-04-2021,3.7502
12-04-2021,3.7501
11-04-2021,3.7498
09-04-2021,3.7498
08-04-2021,3.75
07-04-2021,3.7502
06-04-2021,3.7502
05-04-2021,3.7503
04-04-2021,3.7503
02-04-2021,3.75
01-04-2021,3.7501
31-03-2021,3.7501
30-03-2021,3.7503
29-03-2021,3.7503
28-03-2021,3.7502
27-03-2021,3.7507
26-03-2021,3.7499
25-03-2021,3.7502
24-03-2021,3.75
23-03-2021,3.7502
22-03-2021,3.7505
21-03-2021,3.7505
19-03-2021,3.7503
18-03-2021,3.7505
17-03-2021,3.7503
16-03-2021,3.7502
15-03-2021,3.7504
14-03-2021,3.7505
12-03-2021,3.7503
11-03-2021,3.7502
10-03-2021,3.7505
09-03-2021,3.7511
08-03-2021,3.7516
07-03-2021,3.7515
05-03-2021,3.7513
04-03-2021,3.7511
03-03-2021,3.7513
02-03-2021,3.7507
01-03-2021,3.7502
28-02-2021,3.7504
26-02-2021,3.7501
25-02-2021,3.7502
24-02-2021,3.7501
23-02-2021,3.75
22-02-2021,3.7502
21-02-2021,3.7504
19-02-2021,3.7501
18-02-2021,3.7503
17-02-2021,3.7504
16-02-2021,3.7504
15-02-2021,3.7506
14-02-2021,3.7508
12-02-2021,3.7505
11-02-2021,3.7508
10-02-2021,3.7507
09-02-2021,3.7506
08-02-2021,3.7511
07-02-2021,3.7509
06-02-2021,3.7509
05-02-2021,3.7509
04-02-2021,3.7509
03-02-2021,3.7511
02-02-2021,3.751
01-02-2021,3.7505
31-01-2021,3.7508
29-01-2021,3.7504
28-01-2021,3.7505
27-01-2021,3.7507
26-01-2021,3.7507
25-01-2021,3.7509
24-01-2021,3.7511
22-01-2021,3.7508
21-01-2021,3.751
20-01-2021,3.751
19-01-2021,3.7509
18-01-2021,3.7511
17-01-2021,3.7514
15-01-2021,3.7507
14-01-2021,3.7512
13-01-2021,3.7513
12-01-2021,3.7516
11-01-2021,3.7517
10-01-2021,3.7514
08-01-2021,3.7513
07-01-2021,3.7512
06-01-2021,3.7512
05-01-2021,3.7511
04-01-2021,3.7513
03-01-2021,3.7515
02-01-2021,3.7515
01-01-2021,3.7515
31-12-2020,3.7515
30-12-2020,3.7519
29-12-2020,3.7526
28-12-2020,3.7526
27-12-2020,3.7523
26-12-2020,3.7523
25-12-2020,3.7523
24-12-2020,3.7523
23-12-2020,3.752
22-12-2020,3.7517
21-12-2020,3.7516
20-12-2020,3.7514
18-12-2020,3.7513
17-12-2020,3.7515
16-12-2020,3.7513
15-12-2020,3.7512
14-12-2020,3.751
13-12-2020,3.7508
12-12-2020,3.7508
11-12-2020,3.7505
10-12-2020,3.7506
09-12-2020,3.7513
08-12-2020,3.7513
07-12-2020,3.7511
06-12-2020,3.7509
05-12-2020,3.7511
04-12-2020,3.7506
03-12-2020,3.7508
02-12-2020,3.7507
01-12-2020,3.7505
30-11-2020,3.7502
29-11-2020,3.7503
28-11-2020,3.7505
27-11-2020,3.7501
26-11-2020,3.7501
25-11-2020,3.75
24-11-2020,3.7503
23-11-2020,3.75
22-11-2020,3.7503
21-11-2020,3.75
20-11-2020,3.75
19-11-2020,3.75
18-11-2020,3.75
17-11-2020,3.7503
16-11-2020,3.7504
15-11-2020,3.7504
14-11-2020,3.7504
13-11-2020,3.7501
12-11-2020,3.7504
11-11-2020,3.7504
10-11-2020,3.7504
09-11-2020,3.7504
08-11-2020,3.7504
07-11-2020,3.7506
06-11-2020,3.7502
05-11-2020,3.7504
04-11-2020,3.7503
03-11-2020,3.7504
02-11-2020,3.7502
01-11-2020,3.7502
31-10-2020,3.7505
30-10-2020,3.7501
29-10-2020,3.7502
28-10-2020,3.7502
27-10-2020,3.7502
26-10-2020,3.7503
25-10-2020,3.7503
24-10-2020,3.7505
23-10-2020,3.7501
22-10-2020,3.7503
21-10-2020,3.7504
20-10-2020,3.7504
19-10-2020,3.7505
18-10-2020,3.7508
17-10-2020,3.7513
16-10-2020,3.7509
15-10-2020,3.7506
14-10-2020,3.751
13-10-2020,3.7509
12-10-2020,3.7509
11-10-2020,3.7506
10-10-2020,3.7512
09-10-2020,3.7506
08-10-2020,3.7511
07-10-2020,3.7509
06-10-2020,3.7508
05-10-2020,3.7508
04-10-2020,3.7507
03-10-2020,3.751
02-10-2020,3.7506
01-10-2020,3.7507
30-09-2020,3.7508
29-09-2020,3.7507
28-09-2020,3.7506
27-09-2020,3.7506
26-09-2020,3.7506
25-09-2020,3.7506
24-09-2020,3.7504
23-09-2020,3.7504
22-09-2020,3.7505
21-09-2020,3.7505
20-09-2020,3.7508
19-09-2020,3.7509
18-09-2020,3.7505
17-09-2020,3.7507
16-09-2020,3.7505
15-09-2020,3.7509
14-09-2020,3.7507
13-09-2020,3.7507
12-09-2020,3.751
11-09-2020,3.7506
10-09-2020,3.7508
09-09-2020,3.7507
08-09-2020,3.7504
07-09-2020,3.7503
06-09-2020,3.7504
05-09-2020,3.7504
04-09-2020,3.7504
03-09-2020,3.7503
02-09-2020,3.7503
01-09-2020,3.7503
31-08-2020,3.7504
30-08-2020,3.7503
29-08-2020,3.7504
28-08-2020,3.75
27-08-2020,3.75
26-08-2020,3.75
25-08-2020,3.7503
24-08-2020,3.7501
23-08-2020,3.7504
22-08-2020,3.7506
21-08-2020,3.7502
20-08-2020,3.7502
19-08-2020,3.7504
18-08-2020,3.7505
17-08-2020,3.7502
16-08-2020,3.7501
15-08-2020,3.7503
14-08-2020,3.7499
13-08-2020,3.75
12-08-2020,3.7501
11-08-2020,3.7501
10-08-2020,3.7499
09-08-2020,3.7501
08-08-2020,3.7501
07-08-2020,3.7489
06-08-2020,3.7489
05-08-2020,3.7501
04-08-2020,3.7495
03-08-2020,3.7505
02-08-2020,3.7503
01-08-2020,3.7503
31-07-2020,3.7503
30-07-2020,3.7503
29-07-2020,3.7507
28-07-2020,3.7507
27-07-2020,3.7502
26-07-2020,3.7505
25-07-2020,3.7508
24-07-2020,3.7503
23-07-2020,3.7505
22-07-2020,3.7504
21-07-2020,3.75
20-07-2020,3.7502
19-07-2020,3.7503
18-07-2020,3.7503
17-07-2020,3.7503
16-07-2020,3.7503
15-07-2020,3.7505
14-07-2020,3.7506
13-07-2020,3.7505
12-07-2020,3.7506
11-07-2020,3.7508
10-07-2020,3.75
09-07-2020,3.7505
08-07-2020,3.7503
07-07-2020,3.7509
06-07-2020,3.75
05-07-2020,3.7508
04-07-2020,3.7509
03-07-2020,3.7502
02-07-2020,3.7505
01-07-2020,3.75
30-06-2020,3.7506
29-06-2020,3.75
28-06-2020,3.7508
27-06-2020,3.7515
26-06-2020,3.7503
25-06-2020,3.7506
24-06-2020,3.751
23-06-2020,3.7515
22-06-2020,3.7515
21-06-2020,3.7505
20-06-2020,3.7515
19-06-2020,3.75
18-06-2020,3.7508
17-06-2020,3.7505
16-06-2020,3.75
15-06-2020,3.7515
14-06-2020,3.752
13-06-2020,3.7535
12-06-2020,3.7515
11-06-2020,3.7515
10-06-2020,3.7515
09-06-2020,3.7515
08-06-2020,3.7515
07-06-2020,3.753
06-06-2020,3.755
05-06-2020,3.753
04-06-2020,3.754
03-06-2020,3.753
02-06-2020,3.7525
01-06-2020,3.752
31-05-2020,3.754
30-05-2020,3.758
29-05-2020,3.756
28-05-2020,3.7555
27-05-2020,3.7545
26-05-2020,3.7565
25-05-2020,3.756
23-05-2020,3.758
22-05-2020,3.756
21-05-2020,3.755
20-05-2020,3.755
19-05-2020,3.7545
18-05-2020,3.757
17-05-2020,3.756
16-05-2020,3.756
15-05-2020,3.756
14-05-2020,3.7565
13-05-2020,3.756
12-05-2020,3.756
11-05-2020,3.755
10-05-2020,3.7555
09-05-2020,3.7575
08-05-2020,3.755
07-05-2020,3.755
06-05-2020,3.755
05-05-2020,3.754
04-05-2020,3.756
03-05-2020,3.755
02-05-2020,3.757
01-05-2020,3.754
30-04-2020,3.7555
29-04-2020,3.7582
28-04-2020,3.759
27-04-2020,3.76
26-04-2020,3.76
25-04-2020,3.7605
24-04-2020,3.758
23-04-2020,3.76
22-04-2020,3.7625
21-04-2020,3.752
20-04-2020,3.7515
18-04-2020,3.757
17-04-2020,3.755
16-04-2020,3.7575
15-04-2020,3.7585
14-04-2020,3.7585
13-04-2020,3.759
12-04-2020,3.759
11-04-2020,3.76
10-04-2020,3.759
09-04-2020,3.76
08-04-2020,3.759
07-04-2020,3.759
06-04-2020,3.759
05-04-2020,3.761
04-04-2020,3.761
03-04-2020,3.761
02-04-2020,3.7615
01-04-2020,3.7618
31-03-2020,3.763
30-03-2020,3.7565
29-03-2020,3.756
28-03-2020,3.756
27-03-2020,3.755
26-03-2020,3.755
25-03-2020,3.755
24-03-2020,3.755
23-03-2020,3.754
21-03-2020,3.7578
20-03-2020,3.7577
19-03-2020,3.759
18-03-2020,3.753
17-03-2020,3.753
16-03-2020,3.7528
14-03-2020,3.7535
13-03-2020,3.7533
12-03-2020,3.7533
11-03-2020,3.7533
10-03-2020,3.753
09-03-2020,3.7538
07-03-2020,3.752
06-03-2020,3.752
05-03-2020,3.7526
04-03-2020,3.7522
03-03-2020,3.7517
02-03-2020,3.7512
29-02-2020,3.7514
28-02-2020,3.7514
27-02-2020,3.7514
26-02-2020,3.7519
25-02-2020,3.7523
24-02-2020,3.7509
22-02-2020,3.7514
21-02-2020,3.751
20-02-2020,3.7507
19-02-2020,3.7505
18-02-2020,3.7505
17-02-2020,3.7505
15-02-2020,3.7505
14-02-2020,3.7505
13-02-2020,3.7505
12-02-2020,3.7505
11-02-2020,3.7505
10-02-2020,3.7506
08-02-2020,3.7514
07-02-2020,3.751
06-02-2020,3.7514
05-02-2020,3.7514
04-02-2020,3.7516
03-02-2020,3.7516
01-02-2020,3.7518
31-01-2020,3.7514
30-01-2020,3.7516
29-01-2020,3.7516
28-01-2020,3.7515
27-01-2020,3.7511
25-01-2020,3.7516
24-01-2020,3.7514
23-01-2020,3.7511
22-01-2020,3.7511
21-01-2020,3.7514
20-01-2020,3.7515
18-01-2020,3.7513
17-01-2020,3.7513
16-01-2020,3.7513
15-01-2020,3.7514
14-01-2020,3.7516
13-01-2020,3.7514
11-01-2020,3.7512
10-01-2020,3.7512
09-01-2020,3.751
08-01-2020,3.751
07-01-2020,3.751
06-01-2020,3.751
04-01-2020,3.7521
03-01-2020,3.7517
02-01-2020,3.7506
01-01-2020,3.7508
31-12-2019,3.7508
30-12-2019,3.7508
28-12-2019,3.7528
27-12-2019,3.7524
26-12-2019,3.7522
25-12-2019,3.752
24-12-2019,3.7525
23-12-2019,3.7516
21-12-2019,3.7511
20-12-2019,3.7511
19-12-2019,3.7511
18-12-2019,3.7505
17-12-2019,3.7504
16-12-2019,3.7504
15-12-2019,3.7502
14-12-2019,3.7504
13-12-2019,3.75
12-12-2019,3.7501
11-12-2019,3.7501
10-12-2019,3.7499
09-12-2019,3.7498
08-12-2019,3.7498
07-12-2019,3.7498
06-12-2019,3.7498
05-12-2019,3.7498
04-12-2019,3.7498
03-12-2019,3.7498
02-12-2019,3.7498
01-12-2019,3.7494
30-11-2019,3.7498
29-11-2019,3.7498
28-11-2019,3.7498
27-11-2019,3.75
26-11-2019,3.75
25-11-2019,3.75
24-11-2019,3.7502
23-11-2019,3.75
22-11-2019,3.75
21-11-2019,3.7501
20-11-2019,3.7501
19-11-2019,3.7501
18-11-2019,3.7501
17-11-2019,3.7501
16-11-2019,3.7501
15-11-2019,3.7501
14-11-2019,3.7501
13-11-2019,3.7501
12-11-2019,3.7501
11-11-2019,3.7501
10-11-2019,3.7499
09-11-2019,3.7504
08-11-2019,3.7499
07-11-2019,3.7501
06-11-2019,3.7501
05-11-2019,3.7501
04-11-2019,3.7501
03-11-2019,3.7499
02-11-2019,3.7501
01-11-2019,3.7501
31-10-2019,3.7502
30-10-2019,3.7502
29-10-2019,3.7503
28-10-2019,3.7503
27-10-2019,3.7507
26-10-2019,3.7504
25-10-2019,3.7504
24-10-2019,3.7504
23-10-2019,3.7506
22-10-2019,3.7506
21-10-2019,3.7507
20-10-2019,3.7502
19-10-2019,3.7507
18-10-2019,3.7507
17-10-2019,3.7507
16-10-2019,3.7507
15-10-2019,3.7507
14-10-2019,3.7507
13-10-2019,3.7506
12-10-2019,3.7506
11-10-2019,3.7506
10-10-2019,3.7506
09-10-2019,3.7505
08-10-2019,3.7505
07-10-2019,3.7507
06-10-2019,3.7509
05-10-2019,3.7509
04-10-2019,3.7506
03-10-2019,3.7509
02-10-2019,3.7509
01-10-2019,3.7511
30-09-2019,3.7511
29-09-2019,3.7515
28-09-2019,3.751
27-09-2019,3.751
26-09-2019,3.751
25-09-2019,3.7509
24-09-2019,3.7507
23-09-2019,3.7509
22-09-2019,3.7507
21-09-2019,3.7507
20-09-2019,3.7507
19-09-2019,3.7507
18-09-2019,3.7506
17-09-2019,3.7508
16-09-2019,3.7509
15-09-2019,3.7508
14-09-2019,3.7515
13-09-2019,3.7511
12-09-2019,3.7513
11-09-2019,3.7507
10-09-2019,3.7513
09-09-2019,3.7506
08-09-2019,3.751
07-09-2019,3.7506
06-09-2019,3.7506
05-09-2019,3.751
04-09-2019,3.7506
03-09-2019,3.7505
02-09-2019,3.7504
01-09-2019,3.7503
31-08-2019,3.7504
30-08-2019,3.75
29-08-2019,3.7502
28-08-2019,3.7502
27-08-2019,3.7502
26-08-2019,3.7502
25-08-2019,3.7503
24-08-2019,3.7503
23-08-2019,3.7498
22-08-2019,3.7503
21-08-2019,3.7503
20-08-2019,3.7504
19-08-2019,3.7504
18-08-2019,3.7506
17-08-2019,3.7511
16-08-2019,3.7506
15-08-2019,3.7506
14-08-2019,3.7508
13-08-2019,3.7508
12-08-2019,3.7508
10-08-2019,3.7511
09-08-2019,3.7507
08-08-2019,3.7508
07-08-2019,3.7507
06-08-2019,3.7508
05-08-2019,3.751
04-08-2019,3.751
03-08-2019,3.7515
02-08-2019,3.751
01-08-2019,3.751
31-07-2019,3.7505
30-07-2019,3.7504
29-07-2019,3.7502
28-07-2019,3.7505
27-07-2019,3.7504
26-07-2019,3.75
25-07-2019,3.7503
24-07-2019,3.7503
23-07-2019,3.7504
22-07-2019,3.7503
21-07-2019,3.7502
20-07-2019,3.7507
19-07-2019,3.7502
18-07-2019,3.7502
17-07-2019,3.7503
16-07-2019,3.7504
15-07-2019,3.7504
14-07-2019,3.7503
13-07-2019,3.7504
12-07-2019,3.7504
11-07-2019,3.7506
10-07-2019,3.7502
09-07-2019,3.7501
08-07-2019,3.7501
07-07-2019,3.7502
06-07-2019,3.7504
05-07-2019,3.75
04-07-2019,3.75
03-07-2019,3.75
02-07-2019,3.7496
01-07-2019,3.75
30-06-2019,3.7502
29-06-2019,3.7503
28-06-2019,3.7498
27-06-2019,3.75
26-06-2019,3.7501
25-06-2019,3.7502
24-06-2019,3.7503
23-06-2019,3.7503
22-06-2019,3.7503
21-06-2019,3.7503
20-06-2019,3.7508
19-06-2019,3.7498
18-06-2019,3.7498
17-06-2019,3.7503
16-06-2019,3.7507
15-06-2019,3.7503
14-06-2019,3.7503
13-06-2019,3.7503
12-06-2019,3.7504
11-06-2019,3.7499
10-06-2019,3.75
09-06-2019,3.7499
08-06-2019,3.7504
07-06-2019,3.7499
06-06-2019,3.75
05-06-2019,3.75
04-06-2019,3.75
03-06-2019,3.75
02-06-2019,3.75
01-06-2019,3.7503
31-05-2019,3.7499
30-05-2019,3.75
29-05-2019,3.75
28-05-2019,3.7498
27-05-2019,3.7497
26-05-2019,3.7495
25-05-2019,3.7503
24-05-2019,3.7495
23-05-2019,3.7498
22-05-2019,3.7499
21-05-2019,3.7498
20-05-2019,3.7497
19-05-2019,3.7496
18-05-2019,3.7502
17-05-2019,3.7496
16-05-2019,3.7498
15-05-2019,3.7498
14-05-2019,3.75
13-05-2019,3.75
12-05-2019,3.7499
11-05-2019,3.7504
10-05-2019,3.7499
09-05-2019,3.7502
08-05-2019,3.75
07-05-2019,3.75
06-05-2019,3.7502
05-05-2019,3.75
04-05-2019,3.7502
03-05-2019,3.7502
02-05-2019,3.7502
01-05-2019,3.75
30-04-2019,3.75
29-04-2019,3.7501
28-04-2019,3.7497
27-04-2019,3.7501
26-04-2019,3.7497
25-04-2019,3.7498
24-04-2019,3.7498
23-04-2019,3.75
22-04-2019,3.75
21-04-2019,3.7496
20-04-2019,3.75
19-04-2019,3.75
18-04-2019,3.7497
17-04-2019,3.7498
16-04-2019,3.7502
15-04-2019,3.7502
14-04-2019,3.7498
13-04-2019,3.7503
12-04-2019,3.7503
11-04-2019,3.7503
10-04-2019,3.7503
09-04-2019,3.7502
08-04-2019,3.7502
07-04-2019,3.7505
06-04-2019,3.7506
05-04-2019,3.7502
04-04-2019,3.7502
03-04-2019,3.7503
02-04-2019,3.7503
01-04-2019,3.7501
31-03-2019,3.7499
30-03-2019,3.7503
29-03-2019,3.7503
28-03-2019,3.7499
27-03-2019,3.75
26-03-2019,3.75
25-03-2019,3.7499
24-03-2019,3.7502
23-03-2019,3.7503
22-03-2019,3.7499
21-03-2019,3.7499
20-03-2019,3.7501
19-03-2019,3.7501
18-03-2019,3.7501
17-03-2019,3.7498
16-03-2019,3.7504
15-03-2019,3.7499
14-03-2019,3.7501
13-03-2019,3.7499
12-03-2019,3.7502
11-03-2019,3.7502
10-03-2019,3.7502
09-03-2019,3.7503
08-03-2019,3.7498
07-03-2019,3.7499
06-03-2019,3.7499
05-03-2019,3.75
04-03-2019,3.75
03-03-2019,3.7499
02-03-2019,3.7503
01-03-2019,3.7499
28-02-2019,3.75
27-02-2019,3.7499
26-02-2019,3.7499
25-02-2019,3.7499
24-02-2019,3.7499
23-02-2019,3.7502
22-02-2019,3.7499
21-02-2019,3.75
20-02-2019,3.7502
19-02-2019,3.7499
18-02-2019,3.7501
17-02-2019,3.7499
16-02-2019,3.7502
15-02-2019,3.7499
14-02-2019,3.7502
13-02-2019,3.7501
12-02-2019,3.75
11-02-2019,3.7502
10-02-2019,3.7498
09-02-2019,3.7504
08-02-2019,3.7499
07-02-2019,3.7499
06-02-2019,3.7502
05-02-2019,3.7499
04-02-2019,3.7503
03-02-2019,3.75
02-02-2019,3.7504
01-02-2019,3.7501
31-01-2019,3.7502
30-01-2019,3.7503
29-01-2019,3.75
28-01-2019,3.7503
27-01-2019,3.7502
26-01-2019,3.7503
25-01-2019,3.75
24-01-2019,3.7503
23-01-2019,3.7501
22-01-2019,3.7503
21-01-2019,3.7504
20-01-2019,3.7504
19-01-2019,3.7503
18-01-2019,3.7503
17-01-2019,3.7505
16-01-2019,3.7508
15-01-2019,3.7506
14-01-2019,3.7509
13-01-2019,3.751
12-01-2019,3.7511
11-01-2019,3.7511
10-01-2019,3.751
09-01-2019,3.7511
08-01-2019,3.7508
07-01-2019,3.7507
06-01-2019,3.7504
05-01-2019,3.751
04-01-2019,3.7505
03-01-2019,3.7504
02-01-2019,3.751
01-01-2019,3.7511
31-12-2018,3.7509
30-12-2018,3.7512
29-12-2018,3.7511
28-12-2018,3.7511
27-12-2018,3.7514
26-12-2018,3.7514
25-12-2018,3.7514
24-12-2018,3.7516
23-12-2018,3.7514
22-12-2018,3.7514
21-12-2018,3.7515
20-12-2018,3.7522
19-12-2018,3.7517
18-12-2018,3.7507
17-12-2018,3.7504
16-12-2018,3.7508
15-12-2018,3.7508
14-12-2018,3.7506
13-12-2018,3.7508
12-12-2018,3.7513
11-12-2018,3.7515
10-12-2018,3.7513
09-12-2018,3.7517
08-12-2018,3.7518
07-12-2018,3.7514
06-12-2018,3.7515
05-12-2018,3.7512
04-12-2018,3.7515
03-12-2018,3.7513
02-12-2018,3.7514
01-12-2018,3.752
30-11-2018,3.7516
29-11-2018,3.7514
28-11-2018,3.7514
27-11-2018,3.7519
26-11-2018,3.7515
25-11-2018,3.7516
24-11-2018,3.7519
23-11-2018,3.7516
22-11-2018,3.7515
21-11-2018,3.7516
20-11-2018,3.7516
19-11-2018,3.7514
18-11-2018,3.7512
17-11-2018,3.7521
16-11-2018,3.7518
15-11-2018,3.7514
14-11-2018,3.7517
13-11-2018,3.7509
12-11-2018,3.751
11-11-2018,3.7509
10-11-2018,3.7513
09-11-2018,3.7512
08-11-2018,3.751
07-11-2018,3.7509
06-11-2018,3.7509
05-11-2018,3.7508
04-11-2018,3.7509
03-11-2018,3.7511
02-11-2018,3.751
01-11-2018,3.751
31-10-2018,3.7511
30-10-2018,3.7511
29-10-2018,3.751
28-10-2018,3.751
27-10-2018,3.7511
26-10-2018,3.7511
25-10-2018,3.751
24-10-2018,3.7515
23-10-2018,3.7519
22-10-2018,3.7523
21-10-2018,3.752
20-10-2018,3.752
19-10-2018,3.752
18-10-2018,3.752
17-10-2018,3.7517
16-10-2018,3.7515
15-10-2018,3.7528
14-10-2018,3.7508
13-10-2018,3.751
12-10-2018,3.751
11-10-2018,3.7503
10-10-2018,3.7508
09-10-2018,3.7508
08-10-2018,3.7503
07-10-2018,3.7503
06-10-2018,3.7506
05-10-2018,3.7507
04-10-2018,3.7501
03-10-2018,3.7501
02-10-2018,3.75
01-10-2018,3.75
30-09-2018,3.7502
29-09-2018,3.7502
28-09-2018,3.7502
27-09-2018,3.7503
26-09-2018,3.7503
25-09-2018,3.7503
24-09-2018,3.7504
23-09-2018,3.75
22-09-2018,3.7505
21-09-2018,3.7505
20-09-2018,3.7504
19-09-2018,3.7505
18-09-2018,3.7504
17-09-2018,3.7504
16-09-2018,3.7507
15-09-2018,3.7507
14-09-2018,3.7507
13-09-2018,3.7507
12-09-2018,3.751
11-09-2018,3.7507
10-09-2018,3.7507
09-09-2018,3.7507
08-09-2018,3.7509
07-09-2018,3.7509
06-09-2018,3.7507
05-09-2018,3.751
04-09-2018,3.7509
03-09-2018,3.7508
02-09-2018,3.7505
01-09-2018,3.7505
31-08-2018,3.7505
30-08-2018,3.7505
29-08-2018,3.7506
28-08-2018,3.7504
27-08-2018,3.7507
26-08-2018,3.7505
25-08-2018,3.7506
24-08-2018,3.7506
23-08-2018,3.7506
22-08-2018,3.7506
21-08-2018,3.7507
20-08-2018,3.7508
19-08-2018,3.7505
18-08-2018,3.7506
17-08-2018,3.7506
16-08-2018,3.7506
15-08-2018,3.7506
14-08-2018,3.7504
13-08-2018,3.7504
12-08-2018,3.7504
11-08-2018,3.7504
10-08-2018,3.7504
09-08-2018,3.7503
08-08-2018,3.7502
07-08-2018,3.7503
06-08-2018,3.7504
05-08-2018,3.7504
04-08-2018,3.7504
03-08-2018,3.7504
02-08-2018,3.7504
01-08-2018,3.7504
31-07-2018,3.7503
30-07-2018,3.7502
29-07-2018,3.7504
28-07-2018,3.7504
27-07-2018,3.7504
26-07-2018,3.7504
25-07-2018,3.7504
24-07-2018,3.7504
23-07-2018,3.7504
22-07-2018,3.7504
21-07-2018,3.7503
20-07-2018,3.7503
19-07-2018,3.7503
18-07-2018,3.7504
17-07-2018,3.7504
16-07-2018,3.7504
15-07-2018,3.7501
14-07-2018,3.7503
13-07-2018,3.7503
12-07-2018,3.7504
11-07-2018,3.7503
10-07-2018,3.7503
09-07-2018,3.7504
08-07-2018,3.7504
07-07-2018,3.7503
06-07-2018,3.7503
05-07-2018,3.7504
04-07-2018,3.7504
03-07-2018,3.7504
02-07-2018,3.7504
01-07-2018,3.7504
30-06-2018,3.7504
29-06-2018,3.7504
28-06-2018,3.7504
27-06-2018,3.7503
26-06-2018,3.7504
25-06-2018,3.7504
24-06-2018,3.7504
23-06-2018,3.7503
22-06-2018,3.7503
21-06-2018,3.7503
20-06-2018,3.7504
19-06-2018,3.7504
18-06-2018,3.7504
17-06-2018,3.7504
16-06-2018,3.7504
15-06-2018,3.7504
14-06-2018,3.7503
13-06-2018,3.75
12-06-2018,3.75
11-06-2018,3.7502
10-06-2018,3.7502
09-06-2018,3.75
08-06-2018,3.75
07-06-2018,3.75
06-06-2018,3.75
05-06-2018,3.7503
04-06-2018,3.7504
03-06-2018,3.7503
02-06-2018,3.7503
01-06-2018,3.7503
31-05-2018,3.7504
30-05-2018,3.7504
29-05-2018,3.7504
28-05-2018,3.7503
27-05-2018,3.7503
26-05-2018,3.7504
25-05-2018,3.7504
24-05-2018,3.7504
23-05-2018,3.7503
22-05-2018,3.7504
21-05-2018,3.7503
20-05-2018,3.7503
19-05-2018,3.7503
18-05-2018,3.7503
17-05-2018,3.7503
16-05-2018,3.7503
15-05-2018,3.7504
14-05-2018,3.7503
13-05-2018,3.7503
12-05-2018,3.7503
11-05-2018,3.7504
10-05-2018,3.7504
09-05-2018,3.7504
08-05-2018,3.7504
07-05-2018,3.7503
06-05-2018,3.7503
05-05-2018,3.7503
04-05-2018,3.7503
03-05-2018,3.7502
02-05-2018,3.7503
01-05-2018,3.7503
30-04-2018,3.7502
29-04-2018,3.7503
28-04-2018,3.7502
27-04-2018,3.7502
26-04-2018,3.7502
25-04-2018,3.7503
24-04-2018,3.7502
23-04-2018,3.75
22-04-2018,3.7503
21-04-2018,3.7503
20-04-2018,3.7503
19-04-2018,3.7503
18-04-2018,3.7502
17-04-2018,3.7502
16-04-2018,3.7503
15-04-2018,3.7503
14-04-2018,3.7502
13-04-2018,3.7502
12-04-2018,3.7502
11-04-2018,3.75
10-04-2018,3.7501
09-04-2018,3.7503
08-04-2018,3.7503
07-04-2018,3.7503
06-04-2018,3.7503
05-04-2018,3.7503
04-04-2018,3.7502
03-04-2018,3.7501
02-04-2018,3.7502
01-04-2018,3.7501
31-03-2018,3.75
30-03-2018,3.75
29-03-2018,3.75
28-03-2018,3.7501
27-03-2018,3.75
26-03-2018,3.75
25-03-2018,3.75
24-03-2018,3.75
23-03-2018,3.75
22-03-2018,3.7501
21-03-2018,3.75
20-03-2018,3.7504
19-03-2018,3.75
18-03-2018,3.7502
17-03-2018,3.7502
16-03-2018,3.7502
15-03-2018,3.7503
14-03-2018,3.7503
13-03-2018,3.7504
12-03-2018,3.7505
11-03-2018,3.7504
10-03-2018,3.7504
09-03-2018,3.7504
08-03-2018,3.7504
07-03-2018,3.7503
06-03-2018,3.7508
05-03-2018,3.7504
04-03-2018,3.7502
03-03-2018,3.7502
02-03-2018,3.7502
01-03-2018,3.7504
28-02-2018,3.7504
27-02-2018,3.7504
26-02-2018,3.7503
25-02-2018,3.7504
24-02-2018,3.7502
23-02-2018,3.7502
22-02-2018,3.7502
21-02-2018,3.7503
20-02-2018,3.7503
19-02-2018,3.7503
18-02-2018,3.75
17-02-2018,3.7503
16-02-2018,3.7503
15-02-2018,3.7503
14-02-2018,3.7503
13-02-2018,3.7502
12-02-2018,3.7504
11-02-2018,3.7503
10-02-2018,3.7503
09-02-2018,3.7502
08-02-2018,3.7502
07-02-2018,3.7503
06-02-2018,3.7502
05-02-2018,3.7502
04-02-2018,3.7502
03-02-2018,3.7502
02-02-2018,3.7502
01-02-2018,3.7503
31-01-2018,3.7503
30-01-2018,3.7503
29-01-2018,3.7502
28-01-2018,3.7503
27-01-2018,3.7502
26-01-2018,3.7503
25-01-2018,3.7502
24-01-2018,3.7503
23-01-2018,3.7503
22-01-2018,3.7504
21-01-2018,3.7503
20-01-2018,3.7502
19-01-2018,3.7502
18-01-2018,3.7503
17-01-2018,3.7503
16-01-2018,3.7502
15-01-2018,3.7504
14-01-2018,3.7503
13-01-2018,3.7503
12-01-2018,3.7503
11-01-2018,3.7504
10-01-2018,3.7502
09-01-2018,3.7505
08-01-2018,3.7502
07-01-2018,3.7503
06-01-2018,3.7503
05-01-2018,3.7503
04-01-2018,3.7504
03-01-2018,3.7503
02-01-2018,3.7502
01-01-2018,3.75
31-12-2017,3.7502
30-12-2017,3.7502
29-12-2017,3.7502
28-12-2017,3.7503
27-12-2017,3.7503
26-12-2017,3.7503
25-12-2017,3.7502
24-12-2017,3.7502
23-12-2017,3.7503
22-12-2017,3.7503
21-12-2017,3.7502
20-12-2017,3.7502
19-12-2017,3.7502
18-12-2017,3.7502
17-12-2017,3.7503
16-12-2017,3.7502
15-12-2017,3.7502
14-12-2017,3.7502
13-12-2017,3.7503
12-12-2017,3.7503
11-12-2017,3.7503
10-12-2017,3.7503
09-12-2017,3.7503
08-12-2017,3.7503
07-12-2017,3.7503
06-12-2017,3.7502
05-12-2017,3.7503
04-12-2017,3.7503
03-12-2017,3.7503
02-12-2017,3.7503
01-12-2017,3.7503
30-11-2017,3.7503
29-11-2017,3.7503
28-11-2017,3.7503
27-11-2017,3.7503
26-11-2017,3.7503
25-11-2017,3.7503
24-11-2017,3.7503
23-11-2017,3.7503
22-11-2017,3.7503
21-11-2017,3.7502
20-11-2017,3.7503
19-11-2017,3.7503
18-11-2017,3.7502
17-11-2017,3.7502
16-11-2017,3.7503
15-11-2017,3.7503
14-11-2017,3.7503
13-11-2017,3.7503
12-11-2017,3.7505
11-11-2017,3.7503
10-11-2017,3.7502
09-11-2017,3.7504
08-11-2017,3.7502
07-11-2017,3.7511
06-11-2017,3.7503
05-11-2017,3.7502
04-11-2017,3.7503
03-11-2017,3.7503
02-11-2017,3.7502
01-11-2017,3.7503
31-10-2017,3.7502
30-10-2017,3.7503
29-10-2017,3.7502
28-10-2017,3.7504
27-10-2017,3.7504
26-10-2017,3.7504
25-10-2017,3.7503
24-10-2017,3.7503
23-10-2017,3.7502
22-10-2017,3.7503
21-10-2017,3.7503
20-10-2017,3.7503
19-10-2017,3.7504
18-10-2017,3.7504
17-10-2017,3.7506
16-10-2017,3.7506
15-10-2017,3.7502
14-10-2017,3.7504
13-10-2017,3.7504
12-10-2017,3.7503
11-10-2017,3.7503
10-10-2017,3.7503
09-10-2017,3.7502
08-10-2017,3.75
07-10-2017,3.7502
06-10-2017,3.7502
05-10-2017,3.7502
04-10-2017,3.7503
03-10-2017,3.7503
02-10-2017,3.7502
01-10-2017,3.7502
30-09-2017,3.75
29-09-2017,3.75
28-09-2017,3.7502
27-09-2017,3.7502
26-09-2017,3.7502
25-09-2017,3.75
24-09-2017,3.7501
23-09-2017,3.7502
22-09-2017,3.7502
21-09-2017,3.7502
20-09-2017,3.7501
19-09-2017,3.7502
18-09-2017,3.7502
17-09-2017,3.7502
16-09-2017,3.7504
15-09-2017,3.7504
14-09-2017,3.7503
13-09-2017,3.7503
12-09-2017,3.7502
11-09-2017,3.7503
10-09-2017,3.7502
09-09-2017,3.7502
08-09-2017,3.7502
07-09-2017,3.7502
06-09-2017,3.7502
05-09-2017,3.7502
04-09-2017,3.7503
03-09-2017,3.7503
02-09-2017,3.7503
01-09-2017,3.7503
31-08-2017,3.7504
30-08-2017,3.7502
29-08-2017,3.7502
28-08-2017,3.7503
27-08-2017,3.7502
26-08-2017,3.7502
25-08-2017,3.7502
24-08-2017,3.7502
23-08-2017,3.7502
22-08-2017,3.7502
21-08-2017,3.7502
20-08-2017,3.7502
19-08-2017,3.7503
18-08-2017,3.7503
17-08-2017,3.7502
16-08-2017,3.7502
15-08-2017,3.7502
14-08-2017,3.7502
13-08-2017,3.7502
12-08-2017,3.7502
11-08-2017,3.7502
10-08-2017,3.75
09-08-2017,3.7503
08-08-2017,3.7503
07-08-2017,3.7503
06-08-2017,3.7503
05-08-2017,3.7502
04-08-2017,3.7502
03-08-2017,3.7502
02-08-2017,3.7502
01-08-2017,3.7502
31-07-2017,3.7502
30-07-2017,3.7502
29-07-2017,3.7502
28-07-2017,3.7502
27-07-2017,3.7503
26-07-2017,3.75
25-07-2017,3.75
24-07-2017,3.7503
23-07-2017,3.7503
22-07-2017,3.7501
21-07-2017,3.7501
20-07-2017,3.75
19-07-2017,3.75
18-07-2017,3.7502
17-07-2017,3.7502
16-07-2017,3.7503
15-07-2017,3.7502
14-07-2017,3.7502
13-07-2017,3.7503
12-07-2017,3.7502
11-07-2017,3.7502
10-07-2017,3.7503
09-07-2017,3.7502
08-07-2017,3.7502
07-07-2017,3.7502
06-07-2017,3.7502
05-07-2017,3.7502
04-07-2017,3.7502
03-07-2017,3.7502
02-07-2017,3.7503
01-07-2017,3.7502
30-06-2017,3.7502
29-06-2017,3.75
28-06-2017,3.7504
27-06-2017,3.7508
26-06-2017,3.7522
25-06-2017,3.7506
24-06-2017,3.7506
23-06-2017,3.7506
22-06-2017,3.7511
21-06-2017,3.7503
20-06-2017,3.7501
19-06-2017,3.75
18-06-2017,3.7504
17-06-2017,3.7499
16-06-2017,3.75
15-06-2017,3.75
14-06-2017,3.75
13-06-2017,3.75
12-06-2017,3.7502
11-06-2017,3.7501
10-06-2017,3.7504
09-06-2017,3.7504
08-06-2017,3.7506
07-06-2017,3.7504
06-06-2017,3.7504
05-06-2017,3.7504
04-06-2017,3.7502
03-06-2017,3.7503
02-06-2017,3.7503
01-06-2017,3.75
31-05-2017,3.7504
30-05-2017,3.7502
29-05-2017,3.7504
28-05-2017,3.7505
27-05-2017,3.7502
26-05-2017,3.7502
25-05-2017,3.7502
24-05-2017,3.7503
23-05-2017,3.7502
22-05-2017,3.7502
21-05-2017,3.7504
20-05-2017,3.7502
19-05-2017,3.7502
18-05-2017,3.7502
17-05-2017,3.7502
16-05-2017,3.7503
15-05-2017,3.7503
14-05-2017,3.7504
13-05-2017,3.7503
12-05-2017,3.7503
11-05-2017,3.7504
10-05-2017,3.7507
09-05-2017,3.7503
08-05-2017,3.7503
07-05-2017,3.7508
06-05-2017,3.7508
05-05-2017,3.7508
04-05-2017,3.7504
03-05-2017,3.7503
02-05-2017,3.7502
01-05-2017,3.7502
30-04-2017,3.7504
29-04-2017,3.7503
28-04-2017,3.7503
27-04-2017,3.7504
26-04-2017,3.7502
25-04-2017,3.7504
24-04-2017,3.7503
23-04-2017,3.7504
22-04-2017,3.7502
21-04-2017,3.7502
20-04-2017,3.7503
19-04-2017,3.7503
18-04-2017,3.7503
17-04-2017,3.7503
16-04-2017,3.7503
15-04-2017,3.7503
14-04-2017,3.7503
13-04-2017,3.7502
12-04-2017,3.7504
11-04-2017,3.7502
10-04-2017,3.7503
09-04-2017,3.75
08-04-2017,3.7503
07-04-2017,3.7503
06-04-2017,3.7502
05-04-2017,3.7503
04-04-2017,3.7503
03-04-2017,3.7502
02-04-2017,3.7502
01-04-2017,3.7503
31-03-2017,3.7503
30-03-2017,3.7502
29-03-2017,3.7503
28-03-2017,3.7504
27-03-2017,3.7502
26-03-2017,3.7502
25-03-2017,3.7503
24-03-2017,3.7503
23-03-2017,3.7502
22-03-2017,3.75
21-03-2017,3.75
20-03-2017,3.7502
19-03-2017,3.7503
18-03-2017,3.7502
17-03-2017,3.7502
16-03-2017,3.7501
15-03-2017,3.7504
14-03-2017,3.7501
13-03-2017,3.7503
12-03-2017,3.7504
11-03-2017,3.7504
10-03-2017,3.7504
09-03-2017,3.7504
08-03-2017,3.7504
07-03-2017,3.7504
06-03-2017,3.7504
05-03-2017,3.7503
04-03-2017,3.7502
03-03-2017,3.7502
02-03-2017,3.7502
01-03-2017,3.75
28-02-2017,3.75
27-02-2017,3.7502
26-02-2017,3.7503
25-02-2017,3.7503
24-02-2017,3.7503
23-02-2017,3.7501
22-02-2017,3.7499
21-02-2017,3.7503
20-02-2017,3.7504
19-02-2017,3.7505
18-02-2017,3.7503
17-02-2017,3.7503
16-02-2017,3.7506
15-02-2017,3.7502
14-02-2017,3.7505
13-02-2017,3.7504
12-02-2017,3.7504
11-02-2017,3.7506
10-02-2017,3.7506
09-02-2017,3.7506
08-02-2017,3.7504
07-02-2017,3.7504
06-02-2017,3.75
05-02-2017,3.7505
04-02-2017,3.7504
03-02-2017,3.7504
02-02-2017,3.7504
01-02-2017,3.7504
31-01-2017,3.7502
30-01-2017,3.7504
29-01-2017,3.7504
28-01-2017,3.7503
27-01-2017,3.7503
26-01-2017,3.7502
25-01-2017,3.7504
24-01-2017,3.7502
23-01-2017,3.7504
22-01-2017,3.7503
21-01-2017,3.7504
20-01-2017,3.7504
19-01-2017,3.7506
18-01-2017,3.7506
17-01-2017,3.7504
16-01-2017,3.7506
15-01-2017,3.7507
14-01-2017,3.7507
13-01-2017,3.7507
12-01-2017,3.7506
11-01-2017,3.7506
10-01-2017,3.7506
09-01-2017,3.7508
08-01-2017,3.7503
07-01-2017,3.7508
06-01-2017,3.7508
05-01-2017,3.7511
04-01-2017,3.7511
03-01-2017,3.7508
02-01-2017,3.7508
01-01-2017,3.7508
31-12-2016,3.7518
30-12-2016,3.7518
29-12-2016,3.7508
28-12-2016,3.7521
27-12-2016,3.7521
26-12-2016,3.7511
25-12-2016,3.751
24-12-2016,3.7515
23-12-2016,3.7515
22-12-2016,3.7512
21-12-2016,3.7511
20-12-2016,3.7511
19-12-2016,3.7513
18-12-2016,3.7507
17-12-2016,3.7505
16-12-2016,3.7505
15-12-2016,3.7508
14-12-2016,3.7504
13-12-2016,3.7511
12-12-2016,3.7506
11-12-2016,3.7507
10-12-2016,3.7511
09-12-2016,3.7511
08-12-2016,3.751
07-12-2016,3.7507
06-12-2016,3.7508
05-12-2016,3.7506
04-12-2016,3.7506
03-12-2016,3.7507
02-12-2016,3.7507
01-12-2016,3.7506
30-11-2016,3.751
29-11-2016,3.751
28-11-2016,3.7506
27-11-2016,3.7508
26-11-2016,3.7508
25-11-2016,3.7508
24-11-2016,3.7511
23-11-2016,3.751
22-11-2016,3.7508
21-11-2016,3.7508
20-11-2016,3.7506
19-11-2016,3.7508
18-11-2016,3.7508
17-11-2016,3.7506
16-11-2016,3.7508
15-11-2016,3.7506
14-11-2016,3.7506
13-11-2016,3.7506
12-11-2016,3.7504
11-11-2016,3.7504
10-11-2016,3.7505
09-11-2016,3.7506
08-11-2016,3.7508
07-11-2016,3.7504
06-11-2016,3.7506
05-11-2016,3.7505
04-11-2016,3.7505
03-11-2016,3.7505
02-11-2016,3.7503
01-11-2016,3.7504
31-10-2016,3.7504
30-10-2016,3.7504
29-10-2016,3.7504
28-10-2016,3.7504
27-10-2016,3.7504
26-10-2016,3.7506
25-10-2016,3.7504
24-10-2016,3.7504
23-10-2016,3.7507
22-10-2016,3.7508
21-10-2016,3.7508
20-10-2016,3.7505
19-10-2016,3.7504
18-10-2016,3.7504
17-10-2016,3.7508
16-10-2016,3.7509
15-10-2016,3.7508
14-10-2016,3.7508
13-10-2016,3.7509
12-10-2016,3.7509
11-10-2016,3.751
10-10-2016,3.7515
09-10-2016,3.7509
08-10-2016,3.7506
07-10-2016,3.7506
06-10-2016,3.7515
05-10-2016,3.7515
04-10-2016,3.7517
03-10-2016,3.7511
02-10-2016,3.7517
01-10-2016,3.7517
30-09-2016,3.7517
29-09-2016,3.756
28-09-2016,3.7503
27-09-2016,3.7515
26-09-2016,3.7511
25-09-2016,3.751
24-09-2016,3.7506
23-09-2016,3.7506
22-09-2016,3.7505
21-09-2016,3.751
20-09-2016,3.751
19-09-2016,3.7507
18-09-2016,3.7508
17-09-2016,3.7515
16-09-2016,3.7515
15-09-2016,3.7515
14-09-2016,3.7511
13-09-2016,3.7511
12-09-2016,3.7511
11-09-2016,3.7512
10-09-2016,3.7511
09-09-2016,3.7511
08-09-2016,3.7511
07-09-2016,3.7507
06-09-2016,3.7504
05-09-2016,3.7505
04-09-2016,3.75
03-09-2016,3.7504
02-09-2016,3.7504
01-09-2016,3.7503
31-08-2016,3.7504
30-08-2016,3.7504
29-08-2016,3.7504
28-08-2016,3.7505
27-08-2016,3.75
26-08-2016,3.75
25-08-2016,3.7501
24-08-2016,3.7514
23-08-2016,3.7504
22-08-2016,3.7504
21-08-2016,3.7504
20-08-2016,3.7503
19-08-2016,3.7503
18-08-2016,3.7501
17-08-2016,3.75
16-08-2016,3.7501
15-08-2016,3.75
14-08-2016,3.7505
13-08-2016,3.7503
12-08-2016,3.7504
11-08-2016,3.75
10-08-2016,3.7514
09-08-2016,3.7504
08-08-2016,3.7504
07-08-2016,3.7504
06-08-2016,3.7503
05-08-2016,3.7503
04-08-2016,3.7504
03-08-2016,3.7504
02-08-2016,3.7507
01-08-2016,3.7504
31-07-2016,3.7504
30-07-2016,3.7504
29-07-2016,3.7504
28-07-2016,3.7504
27-07-2016,3.7504
26-07-2016,3.7503
25-07-2016,3.7504
24-07-2016,3.7505
23-07-2016,3.75
22-07-2016,3.75
21-07-2016,3.7504
20-07-2016,3.7505
19-07-2016,3.7503
18-07-2016,3.7504
17-07-2016,3.7505
16-07-2016,3.7503
15-07-2016,3.7503
14-07-2016,3.7503
13-07-2016,3.7503
12-07-2016,3.7504
11-07-2016,3.7513
10-07-2016,3.7517
09-07-2016,3.7514
08-07-2016,3.7514
07-07-2016,3.7516
06-07-2016,3.7515
05-07-2016,3.7514
04-07-2016,3.7504
03-07-2016,3.7503
02-07-2016,3.7513
01-07-2016,3.7513
30-06-2016,3.751
29-06-2016,3.7504
28-06-2016,3.7503
27-06-2016,3.7503
26-06-2016,3.7503
25-06-2016,3.7504
24-06-2016,3.7504
23-06-2016,3.7501
22-06-2016,3.7503
21-06-2016,3.7504
20-06-2016,3.7501
19-06-2016,3.7503
18-06-2016,3.7504
17-06-2016,3.7503
16-06-2016,3.7503
15-06-2016,3.7503
14-06-2016,3.7503
13-06-2016,3.7503
12-06-2016,3.7503
11-06-2016,3.7502
10-06-2016,3.7502
09-06-2016,3.7503
08-06-2016,3.7504
07-06-2016,3.7504
06-06-2016,3.7504
05-06-2016,3.7503
04-06-2016,3.7504
03-06-2016,3.7504
02-06-2016,3.7504
01-06-2016,3.7504
31-05-2016,3.75
30-05-2016,3.7503
29-05-2016,3.7503
28-05-2016,3.7503
27-05-2016,3.7504
26-05-2016,3.7503
25-05-2016,3.7507
24-05-2016,3.7504
23-05-2016,3.7504
22-05-2016,3.751
21-05-2016,3.7504
20-05-2016,3.7504
19-05-2016,3.7515
18-05-2016,3.7505
17-05-2016,3.7504
16-05-2016,3.7504
15-05-2016,3.7504
14-05-2016,3.7503
13-05-2016,3.7503
12-05-2016,3.7504
11-05-2016,3.7504
10-05-2016,3.7505
09-05-2016,3.7504
08-05-2016,3.7502
07-05-2016,3.7504
06-05-2016,3.7504
05-05-2016,3.7503
04-05-2016,3.7504
03-05-2016,3.7502
02-05-2016,3.7503
01-05-2016,3.7503
30-04-2016,3.7502
29-04-2016,3.7503
28-04-2016,3.7501
27-04-2016,3.7503
26-04-2016,3.7501
25-04-2016,3.7506
24-04-2016,3.7502
23-04-2016,3.7502
22-04-2016,3.7502
21-04-2016,3.7501
20-04-2016,3.7501
19-04-2016,3.7501
18-04-2016,3.75
17-04-2016,3.7504
16-04-2016,3.7502
15-04-2016,3.7502
14-04-2016,3.75
13-04-2016,3.75
12-04-2016,3.7501
11-04-2016,3.7501
10-04-2016,3.7502
09-04-2016,3.75
08-04-2016,3.75
07-04-2016,3.7501
06-04-2016,3.7503
05-04-2016,3.7501
04-04-2016,3.7501
03-04-2016,3.7504
02-04-2016,3.7504
01-04-2016,3.7504
31-03-2016,3.7504
30-03-2016,3.7504
29-03-2016,3.7504
28-03-2016,3.7504
27-03-2016,3.7505
26-03-2016,3.7504
25-03-2016,3.7504
24-03-2016,3.7503
23-03-2016,3.7502
22-03-2016,3.7503
21-03-2016,3.7502
20-03-2016,3.7503
19-03-2016,3.7502
18-03-2016,3.7502
17-03-2016,3.7503
16-03-2016,3.7501
15-03-2016,3.7501
14-03-2016,3.7503
13-03-2016,3.7503
12-03-2016,3.7505
11-03-2016,3.7505
10-03-2016,3.7506
09-03-2016,3.7504
08-03-2016,3.7502
07-03-2016,3.7498
06-03-2016,3.7501
05-03-2016,3.7502
04-03-2016,3.7502
03-03-2016,3.7502
02-03-2016,3.7502
01-03-2016,3.75
29-02-2016,3.7505
28-02-2016,3.7504
27-02-2016,3.7501
26-02-2016,3.7501
25-02-2016,3.7502
24-02-2016,3.7502
23-02-2016,3.7505
22-02-2016,3.7504
21-02-2016,3.75
20-02-2016,3.7505
19-02-2016,3.7505
18-02-2016,3.7506
17-02-2016,3.7508
16-02-2016,3.7504
15-02-2016,3.7502
14-02-2016,3.7511
13-02-2016,3.7511
12-02-2016,3.7511
11-02-2016,3.7504
10-02-2016,3.7505
09-02-2016,3.7503
08-02-2016,3.7501
07-02-2016,3.7505
06-02-2016,3.7505
05-02-2016,3.7505
04-02-2016,3.7506
03-02-2016,3.7504
02-02-2016,3.75
01-02-2016,3.7489
31-01-2016,3.7515
30-01-2016,3.7503
29-01-2016,3.7503
28-01-2016,3.7505
27-01-2016,3.7492
26-01-2016,3.751
25-01-2016,3.75
24-01-2016,3.7515
23-01-2016,3.7512
22-01-2016,3.7512
21-01-2016,3.753
20-01-2016,3.7503
19-01-2016,3.7503
18-01-2016,3.7503
17-01-2016,3.7503
16-01-2016,3.7488
15-01-2016,3.7488
14-01-2016,3.7511
13-01-2016,3.7538
12-01-2016,3.751
11-01-2016,3.755
10-01-2016,3.7571
09-01-2016,3.7532
08-01-2016,3.7532
07-01-2016,3.7536
06-01-2016,3.7533
05-01-2016,3.7528
04-01-2016,3.7515
03-01-2016,3.753
02-01-2016,3.7525
01-01-2016,3.7525
31-12-2015,3.7525
30-12-2015,3.7525
29-12-2015,3.7495
28-12-2015,3.7505
27-12-2015,3.7506
26-12-2015,3.7506
25-12-2015,3.7506
24-12-2015,3.7517
23-12-2015,3.7504
22-12-2015,3.7523
21-12-2015,3.753
20-12-2015,3.753
19-12-2015,3.7523
18-12-2015,3.7523
17-12-2015,3.7501
16-12-2015,3.752
15-12-2015,3.7511
14-12-2015,3.752
13-12-2015,3.7516
12-12-2015,3.7515
11-12-2015,3.7515
10-12-2015,3.752
09-12-2015,3.7515
08-12-2015,3.7504
07-12-2015,3.7515
06-12-2015,3.7513
05-12-2015,3.752
04-12-2015,3.752
03-12-2015,3.7523
02-12-2015,3.7518
01-12-2015,3.7518
30-11-2015,3.7521
29-11-2015,3.7538
28-11-2015,3.7538
27-11-2015,3.7538
26-11-2015,3.7536
25-11-2015,3.7557
24-11-2015,3.7568
23-11-2015,3.7508
22-11-2015,3.7508
21-11-2015,3.7503
20-11-2015,3.7503
19-11-2015,3.7503
18-11-2015,3.75
17-11-2015,3.75
16-11-2015,3.7502
15-11-2015,3.75
14-11-2015,3.7503
13-11-2015,3.7503
12-11-2015,3.7502
11-11-2015,3.75
10-11-2015,3.7504
09-11-2015,3.7503
08-11-2015,3.7502
07-11-2015,3.7503
06-11-2015,3.7503
05-11-2015,3.7506
04-11-2015,3.7492
03-11-2015,3.7502
02-11-2015,3.7504
01-11-2015,3.7504
31-10-2015,3.7504
30-10-2015,3.7505
29-10-2015,3.7504
28-10-2015,3.7504
27-10-2015,3.7504
26-10-2015,3.75
25-10-2015,3.7502
24-10-2015,3.7475
23-10-2015,3.7475
22-10-2015,3.7508
21-10-2015,3.7508
20-10-2015,3.7508
19-10-2015,3.748
18-10-2015,3.7502
17-10-2015,3.748
16-10-2015,3.7479
15-10-2015,3.751
14-10-2015,3.7477
13-10-2015,3.7501
12-10-2015,3.749
11-10-2015,3.7504
10-10-2015,3.75
09-10-2015,3.7502
08-10-2015,3.7501
07-10-2015,3.7502
06-10-2015,3.7483
05-10-2015,3.7502
04-10-2015,3.7502
03-10-2015,3.7503
02-10-2015,3.7503
01-10-2015,3.7503
30-09-2015,3.7503
29-09-2015,3.7506
28-09-2015,3.7504
27-09-2015,3.7503
26-09-2015,3.7503
25-09-2015,3.7503
24-09-2015,3.7504
23-09-2015,3.7507
22-09-2015,3.7503
21-09-2015,3.749
20-09-2015,3.7504
19-09-2015,3.7502
18-09-2015,3.7504
17-09-2015,3.7481
16-09-2015,3.749
15-09-2015,3.7507
14-09-2015,3.7504
13-09-2015,3.7493
12-09-2015,3.7492
11-09-2015,3.7493
10-09-2015,3.7492
09-09-2015,3.7482
08-09-2015,3.7505
07-09-2015,3.7505
06-09-2015,3.7511
05-09-2015,3.7497
04-09-2015,3.7497
03-09-2015,3.7506
02-09-2015,3.7502
01-09-2015,3.7507
31-08-2015,3.7506
30-08-2015,3.7511
29-08-2015,3.751
28-08-2015,3.751
27-08-2015,3.7508
26-08-2015,3.7511
25-08-2015,3.7502
24-08-2015,3.751
23-08-2015,3.7507
22-08-2015,3.7504
21-08-2015,3.7505
20-08-2015,3.7508
19-08-2015,3.7508
18-08-2015,3.7515
17-08-2015,3.7515
16-08-2015,3.751
15-08-2015,3.7515
14-08-2015,3.7515
13-08-2015,3.7515
12-08-2015,3.7508
11-08-2015,3.7504
10-08-2015,3.7502
09-08-2015,3.7504
08-08-2015,3.7503
07-08-2015,3.7503
06-08-2015,3.7503
05-08-2015,3.75
04-08-2015,3.75
03-08-2015,3.7503
02-08-2015,3.7503
01-08-2015,3.7503
31-07-2015,3.7503
30-07-2015,3.7502
29-07-2015,3.7501
28-07-2015,3.75
27-07-2015,3.7501
26-07-2015,3.7502
25-07-2015,3.7503
24-07-2015,3.7503
23-07-2015,3.7503
22-07-2015,3.7504
21-07-2015,3.7504
20-07-2015,3.7504
19-07-2015,3.7503
18-07-2015,3.7503
17-07-2015,3.7505
16-07-2015,3.7504
15-07-2015,3.7506
14-07-2015,3.7506
13-07-2015,3.7506
12-07-2015,3.7505
11-07-2015,3.7504
10-07-2015,3.7504
09-07-2015,3.7503
08-07-2015,3.7504
07-07-2015,3.7502
06-07-2015,3.7506
05-07-2015,3.7505
04-07-2015,3.7504
03-07-2015,3.7505
02-07-2015,3.7501
01-07-2015,3.7504
30-06-2015,3.7505
29-06-2015,3.7507
28-06-2015,3.7501
27-06-2015,3.7504
26-06-2015,3.7489
25-06-2015,3.7504
24-06-2015,3.7504
23-06-2015,3.75
22-06-2015,3.7506
21-06-2015,3.7501
20-06-2015,3.7503
19-06-2015,3.75
18-06-2015,3.75
17-06-2015,3.7504
16-06-2015,3.7506
15-06-2015,3.7504
14-06-2015,3.7503
13-06-2015,3.7503
12-06-2015,3.7503
11-06-2015,3.7492
10-06-2015,3.7504
09-06-2015,3.7504
08-06-2015,3.7504
07-06-2015,3.7503
06-06-2015,3.75
05-06-2015,3.75
04-06-2015,3.7503
03-06-2015,3.7503
02-06-2015,3.7503
01-06-2015,3.7503
31-05-2015,3.7504
30-05-2015,3.7504
29-05-2015,3.7504
28-05-2015,3.7501
27-05-2015,3.7501
26-05-2015,3.7503
25-05-2015,3.7503
24-05-2015,3.7504
23-05-2015,3.7503
22-05-2015,3.7504
21-05-2015,3.7503
20-05-2015,3.7503
19-05-2015,3.7501
18-05-2015,3.7502
17-05-2015,3.7501
16-05-2015,3.7503
15-05-2015,3.7502
14-05-2015,3.7501
13-05-2015,3.7503
12-05-2015,3.7503
11-05-2015,3.7503
10-05-2015,3.7502
09-05-2015,3.75
08-05-2015,3.7501
07-05-2015,3.7502
06-05-2015,3.7503
05-05-2015,3.7501
04-05-2015,3.7502
03-05-2015,3.7501
02-05-2015,3.7503
01-05-2015,3.7501
30-04-2015,3.7503
29-04-2015,3.75
28-04-2015,3.7502
27-04-2015,3.7502
26-04-2015,3.75
25-04-2015,3.7501
24-04-2015,3.75
23-04-2015,3.7477
22-04-2015,3.7502
21-04-2015,3.7502
20-04-2015,3.7504
19-04-2015,3.7503
18-04-2015,3.7503
17-04-2015,3.7504
16-04-2015,3.7504
15-04-2015,3.7504
14-04-2015,3.7504
13-04-2015,3.7508
12-04-2015,3.7508
11-04-2015,3.7508
10-04-2015,3.7511
09-04-2015,3.7511
08-04-2015,3.7509
07-04-2015,3.7512
06-04-2015,3.7512
05-04-2015,3.7512
04-04-2015,3.7511
03-04-2015,3.7511
02-04-2015,3.7511
01-04-2015,3.7512
31-03-2015,3.7511
30-03-2015,3.7511
29-03-2015,3.7506
28-03-2015,3.7512
27-03-2015,3.7513
26-03-2015,3.7515
25-03-2015,3.7508
24-03-2015,3.7506
23-03-2015,3.7508
22-03-2015,3.7507
21-03-2015,3.7508
20-03-2015,3.7507
19-03-2015,3.7506
18-03-2015,3.7506
17-03-2015,3.7508
16-03-2015,3.7506
15-03-2015,3.7506
14-03-2015,3.7506
13-03-2015,3.7504
12-03-2015,3.7505
11-03-2015,3.7505
