Date,Price
08-09-2025,6.3598
07-09-2025,6.374
05-09-2025,6.371
04-09-2025,6.4079
03-09-2025,6.4013
02-09-2025,6.4116
01-09-2025,6.3729
29-08-2025,6.3876
28-08-2025,6.3894
27-08-2025,6.4143
26-08-2025,6.4123
25-08-2025,6.4246
22-08-2025,6.369
21-08-2025,6.4325
20-08-2025,6.4064
19-08-2025,6.4093
18-08-2025,6.4014
15-08-2025,6.3761
14-08-2025,6.4083
13-08-2025,6.3758
12-08-2025,6.3919
11-08-2025,6.4256
08-08-2025,6.4115
07-08-2025,6.3988
06-08-2025,6.4013
05-08-2025,6.4466
04-08-2025,6.4482
01-08-2025,6.4408
31-07-2025,6.5392
30-07-2025,6.5444
29-07-2025,6.464
28-07-2025,6.4394
25-07-2025,6.3567
24-07-2025,6.3544
23-07-2025,6.34
22-07-2025,6.3502
21-07-2025,6.3831
18-07-2025,6.4217
17-07-2025,6.4362
16-07-2025,6.4122
15-07-2025,6.4335
14-07-2025,6.3988
11-07-2025,6.3833
10-07-2025,6.3767
09-07-2025,6.366
08-07-2025,6.363
07-07-2025,6.372
04-07-2025,6.3344
03-07-2025,6.3464
02-07-2025,6.3241
01-07-2025,6.3199
30-06-2025,6.3299
27-06-2025,6.3656
26-06-2025,6.377
25-06-2025,6.3992
24-06-2025,6.426
23-06-2025,6.4432
20-06-2025,6.4736
19-06-2025,6.4886
18-06-2025,6.4975
17-06-2025,6.4971
16-06-2025,6.4518
13-06-2025,6.4568
12-06-2025,6.4384
11-06-2025,6.4938
10-06-2025,6.5292
09-06-2025,6.5324
06-06-2025,6.5453
05-06-2025,6.5179
04-06-2025,6.5323
03-06-2025,6.5605
02-06-2025,6.5203
30-05-2025,6.5733
29-05-2025,6.5618
28-05-2025,6.6035
27-05-2025,6.5824
26-05-2025,6.5507
23-05-2025,6.5642
22-05-2025,6.6125
21-05-2025,6.5845
20-05-2025,6.611
19-05-2025,6.6352
16-05-2025,6.6833
15-05-2025,6.6697
14-05-2025,6.6773
13-05-2025,6.6687
12-05-2025,6.7279
09-05-2025,6.6321
08-05-2025,6.6444
07-05-2025,6.6028
06-05-2025,6.5625
05-05-2025,6.5956
02-05-2025,6.6049
01-05-2025,6.6101
30-04-2025,6.5903
29-04-2025,6.5562
28-04-2025,6.5354
25-04-2025,6.5691
24-04-2025,6.5559
23-04-2025,6.5986
22-04-2025,6.5379
21-04-2025,6.4836
18-04-2025,6.5514
17-04-2025,6.5676
16-04-2025,6.5502
15-04-2025,6.6156
14-04-2025,6.5775
11-04-2025,6.5732
10-04-2025,6.6664
09-04-2025,6.8178
08-04-2025,6.8136
07-04-2025,6.8455
04-04-2025,6.8047
03-04-2025,6.7509
02-04-2025,6.8729
01-04-2025,6.9139
31-03-2025,6.8969
28-03-2025,6.8899
27-03-2025,6.9073
26-03-2025,6.9365
25-03-2025,6.914
24-03-2025,6.9063
21-03-2025,6.8972
20-03-2025,6.8727
19-03-2025,6.8412
18-03-2025,6.8148
17-03-2025,6.8304
14-03-2025,6.8578
13-03-2025,6.8734
12-03-2025,6.8507
11-03-2025,6.8306
10-03-2025,6.8832
07-03-2025,6.884
06-03-2025,6.9162
05-03-2025,6.9122
04-03-2025,7.0191
03-03-2025,7.11
28-02-2025,7.1859
27-02-2025,7.172
26-02-2025,7.113
25-02-2025,7.094
24-02-2025,7.1255
21-02-2025,7.129
20-02-2025,7.1013
19-02-2025,7.1556
18-02-2025,7.1394
17-02-2025,7.1141
14-02-2025,7.1098
13-02-2025,7.1275
12-02-2025,7.1835
11-02-2025,7.1982
10-02-2025,7.2362
07-02-2025,7.2225
06-02-2025,7.1859
05-02-2025,7.1712
04-02-2025,7.1866
03-02-2025,7.2119
31-01-2025,7.2015
30-01-2025,7.1805
29-01-2025,7.16
28-01-2025,7.1532
27-01-2025,7.112
24-01-2025,7.11
23-01-2025,7.1623
22-01-2025,7.1663
21-01-2025,7.1556
20-01-2025,7.1626
17-01-2025,7.2641
16-01-2025,7.2407
15-01-2025,7.2513
14-01-2025,7.2375
13-01-2025,7.2812
10-01-2025,7.2814
09-01-2025,7.2432
08-01-2025,7.2304
07-01-2025,7.2144
06-01-2025,7.1782
03-01-2025,7.2339
02-01-2025,7.2645
01-01-2025,7.2012
31-12-2024,7.2022
30-12-2024,7.1655
27-12-2024,7.1517
26-12-2024,7.1575
25-12-2024,7.1725
24-12-2024,7.1745
23-12-2024,7.1677
20-12-2024,7.1504
19-12-2024,7.1972
18-12-2024,7.2062
17-12-2024,7.1096
16-12-2024,7.0955
13-12-2024,7.0993
12-12-2024,7.1236
11-12-2024,7.104
10-12-2024,7.083
09-12-2024,7.0655
06-12-2024,7.055
05-12-2024,7.0438
04-12-2024,7.0949
03-12-2024,7.0957
02-12-2024,7.1039
29-11-2024,7.0511
28-11-2024,7.0658
27-11-2024,7.0579
26-11-2024,7.1102
25-11-2024,7.106
22-11-2024,7.1569
21-11-2024,7.1201
20-11-2024,7.0741
19-11-2024,7.0391
18-11-2024,7.0377
15-11-2024,7.0749
14-11-2024,7.0828
13-11-2024,7.0608
12-11-2024,7.0212
11-11-2024,6.9997
08-11-2024,6.9562
07-11-2024,6.9028
06-11-2024,6.9505
05-11-2024,6.8227
04-11-2024,6.8552
01-11-2024,6.8834
31-10-2024,6.8526
30-10-2024,6.8705
29-10-2024,6.8956
28-10-2024,6.8966
25-10-2024,6.9106
24-10-2024,6.8892
23-10-2024,6.917
22-10-2024,6.9046
21-10-2024,6.8944
18-10-2024,6.8628
17-10-2024,6.8852
16-10-2024,6.8672
15-10-2024,6.85
14-10-2024,6.839
11-10-2024,6.8199
10-10-2024,6.821
09-10-2024,6.8182
08-10-2024,6.7913
07-10-2024,6.7926
04-10-2024,6.7913
03-10-2024,6.7621
02-10-2024,6.7528
01-10-2024,6.7389
30-09-2024,6.6942
27-09-2024,6.6786
26-09-2024,6.6709
25-09-2024,6.6976
24-09-2024,6.6699
23-09-2024,6.7114
20-09-2024,6.6806
19-09-2024,6.6826
18-09-2024,6.7087
17-09-2024,6.7135
16-09-2024,6.7022
13-09-2024,6.7372
12-09-2024,6.738
11-09-2024,6.7759
10-09-2024,6.7711
09-09-2024,6.7618
06-09-2024,6.73
05-09-2024,6.7154
04-09-2024,6.731
03-09-2024,6.7546
02-09-2024,6.7359
30-08-2024,6.7503
29-08-2024,6.7329
28-08-2024,6.7061
27-08-2024,6.6696
26-08-2024,6.684
23-08-2024,6.6648
22-08-2024,6.7134
21-08-2024,6.6933
20-08-2024,6.7039
19-08-2024,6.7306
16-08-2024,6.7641
15-08-2024,6.7991
14-08-2024,6.7749
13-08-2024,6.7873
12-08-2024,6.8263
09-08-2024,6.8358
08-08-2024,6.8337
07-08-2024,6.8314
06-08-2024,6.8259
05-08-2024,6.8124
02-08-2024,6.8385
01-08-2024,6.9143
31-07-2024,6.8921
30-07-2024,6.899
29-07-2024,6.8956
26-07-2024,6.8731
25-07-2024,6.8808
24-07-2024,6.8838
23-07-2024,6.8744
22-07-2024,6.8508
19-07-2024,6.8559
18-07-2024,6.8466
17-07-2024,6.8184
16-07-2024,6.8431
15-07-2024,6.8481
12-07-2024,6.8403
11-07-2024,6.8647
10-07-2024,6.8875
09-07-2024,6.8975
08-07-2024,6.8905
05-07-2024,6.8801
04-07-2024,6.8972
03-07-2024,6.9134
02-07-2024,6.941
01-07-2024,6.9443
28-06-2024,6.9599
27-06-2024,6.9674
26-06-2024,6.9832
25-06-2024,6.9612
24-06-2024,6.9495
21-06-2024,6.9748
20-06-2024,6.9689
19-06-2024,6.9419
18-06-2024,6.9453
17-06-2024,6.9486
14-06-2024,6.9703
13-06-2024,6.9465
12-06-2024,6.9005
11-06-2024,6.9438
10-06-2024,6.9278
07-06-2024,6.9057
06-06-2024,6.8499
05-06-2024,6.8622
04-06-2024,6.8556
03-06-2024,6.8396
31-05-2024,6.8746
30-05-2024,6.8848
29-05-2024,6.9059
28-05-2024,6.8721
27-05-2024,6.87
24-05-2024,6.8788
23-05-2024,6.899
22-05-2024,6.8938
21-05-2024,6.873
20-05-2024,6.8715
17-05-2024,6.8637
16-05-2024,6.865
15-05-2024,6.8545
14-05-2024,6.8959
13-05-2024,6.9139
10-05-2024,6.9249
09-05-2024,6.9177
08-05-2024,6.938
07-05-2024,6.9348
06-05-2024,6.9258
03-05-2024,6.9287
02-05-2024,6.9521
01-05-2024,6.9618
30-04-2024,6.9928
29-04-2024,6.9558
26-04-2024,6.9726
25-04-2024,6.9497
24-04-2024,6.9706
23-04-2024,6.9703
22-04-2024,7.002
19-04-2024,7.0021
18-04-2024,7.0098
17-04-2024,6.9903
16-04-2024,7.0261
15-04-2024,7.0216
12-04-2024,7.0091
11-04-2024,6.9539
10-04-2024,6.9437
09-04-2024,6.8698
08-04-2024,6.8682
05-04-2024,6.8819
04-04-2024,6.882
03-04-2024,6.883
02-04-2024,6.9248
01-04-2024,6.9422
29-03-2024,6.91
28-03-2024,6.9124
27-03-2024,6.8863
26-03-2024,6.8867
25-03-2024,6.8816
22-03-2024,6.8999
21-03-2024,6.8667
20-03-2024,6.8277
19-03-2024,6.8631
18-03-2024,6.8578
15-03-2024,6.8479
14-03-2024,6.8506
13-03-2024,6.8105
12-03-2024,6.8229
11-03-2024,6.8236
08-03-2024,6.8134
07-03-2024,6.8078
06-03-2024,6.8391
05-03-2024,6.8648
04-03-2024,6.8653
01-03-2024,6.8761
29-02-2024,6.8973
28-02-2024,6.8764
27-02-2024,6.8732
26-02-2024,6.8698
23-02-2024,6.8874
22-02-2024,6.8868
21-02-2024,6.8895
20-02-2024,6.8964
19-02-2024,6.9147
16-02-2024,6.9167
15-02-2024,6.9194
14-02-2024,6.9487
13-02-2024,6.9599
12-02-2024,6.9183
09-02-2024,6.912
08-02-2024,6.9157
07-02-2024,6.9217
06-02-2024,6.9357
05-02-2024,6.9412
02-02-2024,6.9081
01-02-2024,6.8557
31-01-2024,6.8895
30-01-2024,6.8725
29-01-2024,6.8808
26-01-2024,6.8669
25-01-2024,6.8722
24-01-2024,6.8489
23-01-2024,6.868
22-01-2024,6.8528
19-01-2024,6.8424
18-01-2024,6.8549
17-01-2024,6.853
16-01-2024,6.8568
15-01-2024,6.8108
12-01-2024,6.8093
11-01-2024,6.7957
10-01-2024,6.7959
09-01-2024,6.8216
08-01-2024,6.8094
05-01-2024,6.8152
04-01-2024,6.8128
03-01-2024,6.8276
02-01-2024,6.8129
01-01-2024,6.7488
29-12-2023,6.7542
28-12-2023,6.7382
27-12-2023,6.7123
26-12-2023,6.7502
25-12-2023,6.7727
22-12-2023,6.7684
21-12-2023,6.7719
20-12-2023,6.8134
19-12-2023,6.789
18-12-2023,6.8235
15-12-2023,6.8408
14-12-2023,6.7816
13-12-2023,6.8556
12-12-2023,6.9073
11-12-2023,6.9248
08-12-2023,6.9258
07-12-2023,6.9061
06-12-2023,6.9256
05-12-2023,6.9045
04-12-2023,6.8795
01-12-2023,6.8485
30-11-2023,6.8473
29-11-2023,6.7959
28-11-2023,6.781
27-11-2023,6.8061
24-11-2023,6.8138
23-11-2023,6.8359
22-11-2023,6.8455
21-11-2023,6.8314
20-11-2023,6.8141
17-11-2023,6.832
16-11-2023,6.8718
15-11-2023,6.876
14-11-2023,6.8559
13-11-2023,6.9704
10-11-2023,6.9782
09-11-2023,6.9905
08-11-2023,6.9637
07-11-2023,6.9703
06-11-2023,6.9575
03-11-2023,6.952
02-11-2023,7.0261
01-11-2023,7.0605
31-10-2023,7.0563
30-10-2023,7.0313
27-10-2023,7.0646
26-10-2023,7.0664
25-10-2023,7.0622
24-10-2023,7.0474
23-10-2023,6.9938
20-10-2023,7.0422
19-10-2023,7.0518
18-10-2023,7.0807
17-10-2023,7.053
16-10-2023,7.0625
13-10-2023,7.0955
12-10-2023,7.0817
11-10-2023,7.0216
10-10-2023,7.0299
09-10-2023,7.0557
06-10-2023,7.0433
05-10-2023,7.0679
04-10-2023,7.0982
03-10-2023,7.1249
02-10-2023,7.117
29-09-2023,7.0518
28-09-2023,7.0568
27-09-2023,7.0977
26-09-2023,7.0524
25-09-2023,7.0388
22-09-2023,7.0016
21-09-2023,6.9913
20-09-2023,6.9905
19-09-2023,6.9787
18-09-2023,6.9714
15-09-2023,6.9969
14-09-2023,7.007
13-09-2023,6.9518
12-09-2023,6.9368
11-09-2023,6.9373
08-09-2023,6.9696
07-09-2023,6.9727
06-09-2023,6.9501
05-09-2023,6.9515
04-09-2023,6.9032
01-09-2023,6.9158
31-08-2023,6.8728
30-08-2023,6.8224
29-08-2023,6.8503
28-08-2023,6.8879
25-08-2023,6.9039
24-08-2023,6.8945
23-08-2023,6.8609
22-08-2023,6.8709
21-08-2023,6.8381
18-08-2023,6.8525
17-08-2023,6.8532
16-08-2023,6.8487
15-08-2023,6.8331
14-08-2023,6.8321
11-08-2023,6.8067
10-08-2023,6.7846
09-08-2023,6.7888
08-08-2023,6.7997
07-08-2023,6.7706
04-08-2023,6.7672
03-08-2023,6.8045
02-08-2023,6.8125
01-08-2023,6.7828
31-07-2023,6.7755
28-07-2023,6.763
27-07-2023,6.7871
26-07-2023,6.7216
25-07-2023,6.7393
24-07-2023,6.7344
21-07-2023,6.696
20-07-2023,6.6937
19-07-2023,6.652
18-07-2023,6.6342
17-07-2023,6.6295
14-07-2023,6.6333
13-07-2023,6.6369
12-07-2023,6.6952
11-07-2023,6.7693
10-07-2023,6.7716
07-07-2023,6.7915
06-07-2023,6.8395
05-07-2023,6.8616
04-07-2023,6.8461
03-07-2023,6.8243
30-06-2023,6.8219
29-06-2023,6.8546
28-06-2023,6.8242
27-06-2023,6.7932
26-06-2023,6.8274
23-06-2023,6.8343
22-06-2023,6.7974
21-06-2023,6.778
20-06-2023,6.8219
19-06-2023,6.8197
16-06-2023,6.8075
15-06-2023,6.807
14-06-2023,6.8781
13-06-2023,6.9042
12-06-2023,6.9265
09-06-2023,6.9322
08-06-2023,6.9105
07-06-2023,6.9619
06-06-2023,6.9659
05-06-2023,6.9521
02-06-2023,6.9538
01-06-2023,6.9196
31-05-2023,6.966
30-05-2023,6.937
29-05-2023,6.9559
26-05-2023,6.9425
25-05-2023,6.9458
24-05-2023,6.9293
23-05-2023,6.9149
22-05-2023,6.8864
19-05-2023,6.8918
18-05-2023,6.914
17-05-2023,6.8697
16-05-2023,6.8534
15-05-2023,6.8476
12-05-2023,6.8623
11-05-2023,6.8221
10-05-2023,6.7796
09-05-2023,6.7908
08-05-2023,6.7665
05-05-2023,6.7609
04-05-2023,6.764
03-05-2023,6.7342
02-05-2023,6.776
01-05-2023,6.7899
28-04-2023,6.7649
27-04-2023,6.7577
26-04-2023,6.7494
25-04-2023,6.7915
24-04-2023,6.7466
21-04-2023,6.781
20-04-2023,6.7929
19-04-2023,6.8013
18-04-2023,6.7897
17-04-2023,6.819
14-04-2023,6.775
13-04-2023,6.7441
12-04-2023,6.7783
11-04-2023,6.8276
10-04-2023,6.8601
07-04-2023,6.8315
06-04-2023,6.8216
05-04-2023,6.8304
04-04-2023,6.7988
03-04-2023,6.8326
31-03-2023,6.8705
30-03-2023,6.8291
29-03-2023,6.8681
28-03-2023,6.8688
27-03-2023,6.8999
24-03-2023,6.9248
23-03-2023,6.8772
22-03-2023,6.8586
21-03-2023,6.9143
20-03-2023,6.9418
17-03-2023,6.9793
16-03-2023,7.0157
15-03-2023,7.0376
14-03-2023,6.9368
13-03-2023,6.9371
10-03-2023,6.9945
09-03-2023,7.0324
08-03-2023,7.0563
07-03-2023,7.0541
06-03-2023,6.9665
03-03-2023,6.9962
02-03-2023,7.0216
01-03-2023,6.974
28-02-2023,7.0368
27-02-2023,7.0158
24-02-2023,7.0584
23-02-2023,7.0266
22-02-2023,7.0197
21-02-2023,6.9913
20-02-2023,6.9685
17-02-2023,6.9615
16-02-2023,6.9766
15-02-2023,6.9705
14-02-2023,6.9389
13-02-2023,6.9479
10-02-2023,6.9738
09-02-2023,6.9295
08-02-2023,6.9433
07-02-2023,6.9365
06-02-2023,6.9385
03-02-2023,6.8945
02-02-2023,6.8199
01-02-2023,6.7689
31-01-2023,6.8467
30-01-2023,6.8545
27-01-2023,6.8429
26-01-2023,6.8276
25-01-2023,6.8142
24-01-2023,6.832
23-01-2023,6.8428
20-01-2023,6.852
19-01-2023,6.8685
18-01-2023,6.892
17-01-2023,6.8941
16-01-2023,6.8739
13-01-2023,6.8674
12-01-2023,6.8534
11-01-2023,6.9138
10-01-2023,6.9288
09-01-2023,6.9297
06-01-2023,6.9867
05-01-2023,7.0672
04-01-2023,7.0128
03-01-2023,7.0503
02-01-2023,6.9709
30-12-2022,6.9467
29-12-2022,6.9741
28-12-2022,7.0066
27-12-2022,6.9893
26-12-2022,6.992
23-12-2022,7.0053
22-12-2022,7.017
21-12-2022,7.0123
20-12-2022,7.002
19-12-2022,7.0131
16-12-2022,7.0258
15-12-2022,6.9973
14-12-2022,6.9632
13-12-2022,6.9955
12-12-2022,7.0573
09-12-2022,7.0613
08-12-2022,7.0457
07-12-2022,7.0794
06-12-2022,7.1045
05-12-2022,7.088
02-12-2022,7.0538
01-12-2022,7.065
30-11-2022,7.1459
29-11-2022,7.1989
28-11-2022,7.1913
25-11-2022,7.1527
24-11-2022,7.1412
23-11-2022,7.1535
22-11-2022,7.2178
21-11-2022,7.2614
18-11-2022,7.2034
17-11-2022,7.1753
16-11-2022,7.1552
15-11-2022,7.1865
14-11-2022,7.2028
11-11-2022,7.1829
10-11-2022,7.286
09-11-2022,7.4277
08-11-2022,7.3835
07-11-2022,7.4216
04-11-2022,7.4722
03-11-2022,7.6329
02-11-2022,7.5807
01-11-2022,7.5372
31-10-2022,7.5328
28-10-2022,7.4684
27-10-2022,7.4667
26-10-2022,7.3763
25-10-2022,7.4623
24-10-2022,7.5333
21-10-2022,7.5414
20-10-2022,7.6
19-10-2022,7.611
18-10-2022,7.5445
17-10-2022,7.556
14-10-2022,7.6497
13-10-2022,7.6057
12-10-2022,7.665
11-10-2022,7.6622
10-10-2022,7.6651
07-10-2022,7.6377
06-10-2022,7.5977
05-10-2022,7.5245
04-10-2022,7.4477
03-10-2022,7.5688
30-09-2022,7.5838
29-09-2022,7.5752
28-09-2022,7.6378
27-09-2022,7.7514
26-09-2022,7.7383
23-09-2022,7.6719
22-09-2022,7.5585
21-09-2022,7.558
20-09-2022,7.4566
19-09-2022,7.4182
16-09-2022,7.4244
15-09-2022,7.4352
14-09-2022,7.4493
13-09-2022,7.4593
12-09-2022,7.3452
09-09-2022,7.402
08-09-2022,7.4383
07-09-2022,7.43
06-09-2022,7.5069
05-09-2022,7.4876
02-09-2022,7.4697
01-09-2022,7.4778
31-08-2022,7.3966
30-08-2022,7.4262
29-08-2022,7.4381
26-08-2022,7.4631
25-08-2022,7.4563
24-08-2022,7.4612
23-08-2022,7.4593
22-08-2022,7.4793
19-08-2022,7.4061
18-08-2022,7.3715
17-08-2022,7.3059
16-08-2022,7.3115
15-08-2022,7.3196
12-08-2022,7.2472
11-08-2022,7.2066
10-08-2022,7.2227
09-08-2022,7.2854
08-08-2022,7.2981
05-08-2022,7.3082
04-08-2022,7.2613
03-08-2022,7.3199
02-08-2022,7.3212
01-08-2022,7.2549
29-07-2022,7.2789
28-07-2022,7.2996
27-07-2022,7.2991
26-07-2022,7.357
25-07-2022,7.284
22-07-2022,7.2881
21-07-2022,7.2776
20-07-2022,7.3118
19-07-2022,7.2778
18-07-2022,7.3385
15-07-2022,7.3785
14-07-2022,7.4283
13-07-2022,7.3988
12-07-2022,7.4118
11-07-2022,7.4087
08-07-2022,7.3037
07-07-2022,7.3228
06-07-2022,7.3068
05-07-2022,7.2459
04-07-2022,7.138
01-07-2022,7.1333
30-06-2022,7.0929
29-06-2022,7.1252
28-06-2022,7.0711
27-06-2022,7.0303
24-06-2022,7.0489
23-06-2022,7.0681
22-06-2022,7.038
21-06-2022,7.0605
20-06-2022,7.0769
17-06-2022,7.0865
16-06-2022,7.0497
15-06-2022,7.1221
14-06-2022,7.1417
13-06-2022,7.1482
10-06-2022,7.0696
09-06-2022,7.0064
08-06-2022,6.9399
07-06-2022,6.9478
06-06-2022,6.9543
03-06-2022,6.9382
02-06-2022,6.9205
01-06-2022,6.9832
31-05-2022,6.93
30-05-2022,6.9017
27-05-2022,6.9288
26-05-2022,6.9324
25-05-2022,6.9642
24-05-2022,6.9286
23-05-2022,6.9596
20-05-2022,7.0448
19-05-2022,7.0305
18-05-2022,7.1124
17-05-2022,7.053
16-05-2022,7.1318
13-05-2022,7.1454
12-05-2022,7.1679
11-05-2022,7.0753
10-05-2022,7.0629
09-05-2022,7.0427
06-05-2022,7.0528
05-05-2022,7.0568
04-05-2022,7.0045
03-05-2022,7.07
02-05-2022,7.0785
29-04-2022,7.0554
28-04-2022,7.0862
27-04-2022,7.048
26-04-2022,6.994
25-04-2022,6.9427
22-04-2022,6.8881
21-04-2022,6.8665
20-04-2022,6.8545
19-04-2022,6.8956
18-04-2022,6.8983
15-04-2022,6.8792
14-04-2022,6.8694
13-04-2022,6.8277
12-04-2022,6.8676
11-04-2022,6.8329
08-04-2022,6.8371
07-04-2022,6.8351
06-04-2022,6.8254
05-04-2022,6.8194
04-04-2022,6.7783
01-04-2022,6.7327
31-03-2022,6.7212
30-03-2022,6.6648
29-03-2022,6.7083
28-03-2022,6.7697
25-03-2022,6.7742
24-03-2022,6.7652
23-03-2022,6.7582
22-03-2022,6.7447
21-03-2022,6.7533
18-03-2022,6.7338
17-03-2022,6.7097
16-03-2022,6.7428
15-03-2022,6.7897
14-03-2022,6.7993
11-03-2022,6.8169
10-03-2022,6.7717
09-03-2022,6.7189
08-03-2022,6.8301
07-03-2022,6.8567
04-03-2022,6.8038
03-03-2022,6.7226
02-03-2022,6.6888
01-03-2022,6.6859
28-02-2022,6.6291
25-02-2022,6.601
24-02-2022,6.648
23-02-2022,6.579
22-02-2022,6.5682
21-02-2022,6.578
18-02-2022,6.5696
17-02-2022,6.5477
16-02-2022,6.5402
15-02-2022,6.5525
14-02-2022,6.5821
11-02-2022,6.5544
10-02-2022,6.5091
09-02-2022,6.5132
08-02-2022,6.5194
07-02-2022,6.5047
04-02-2022,6.5021
03-02-2022,6.5037
02-02-2022,6.5802
01-02-2022,6.6005
31-01-2022,6.6231
28-01-2022,6.6757
27-01-2022,6.678
26-01-2022,6.6189
25-01-2022,6.585
24-01-2022,6.572
21-01-2022,6.5607
20-01-2022,6.5799
19-01-2022,6.5613
18-01-2022,6.5699
17-01-2022,6.5233
14-01-2022,6.5186
13-01-2022,6.4958
12-01-2022,6.5028
11-01-2022,6.5459
10-01-2022,6.5676
07-01-2022,6.5476
06-01-2022,6.584
05-01-2022,6.574
04-01-2022,6.5891
03-01-2022,6.583
31-12-2021,6.5405
30-12-2021,6.5664
29-12-2021,6.5522
28-12-2021,6.5742
27-12-2021,6.5642
24-12-2021,6.5688
23-12-2021,6.5629
22-12-2021,6.5639
21-12-2021,6.5871
20-12-2021,6.5939
17-12-2021,6.6173
16-12-2021,6.5628
15-12-2021,6.5843
14-12-2021,6.6036
13-12-2021,6.5886
10-12-2021,6.5697
09-12-2021,6.5837
08-12-2021,6.555
07-12-2021,6.5999
06-12-2021,6.5892
03-12-2021,6.5729
02-12-2021,6.5795
01-12-2021,6.569
30-11-2021,6.5585
29-11-2021,6.5852
26-11-2021,6.5682
25-11-2021,6.6334
24-11-2021,6.6397
23-11-2021,6.6105
22-11-2021,6.6184
19-11-2021,6.5909
18-11-2021,6.5395
17-11-2021,6.5682
16-11-2021,6.5684
15-11-2021,6.5411
12-11-2021,6.4979
11-11-2021,6.4937
10-11-2021,6.4792
09-11-2021,6.4147
08-11-2021,6.419
05-11-2021,6.4293
04-11-2021,6.4367
03-11-2021,6.4041
02-11-2021,6.4247
01-11-2021,6.4081
29-10-2021,6.4333
28-10-2021,6.3678
27-10-2021,6.4105
26-10-2021,6.4142
25-10-2021,6.4069
22-10-2021,6.3882
21-10-2021,6.4
20-10-2021,6.3858
19-10-2021,6.3956
18-10-2021,6.4071
15-10-2021,6.4127
14-10-2021,6.4166
13-10-2021,6.4174
12-10-2021,6.453
11-10-2021,6.439
08-10-2021,6.4282
07-10-2021,6.4407
06-10-2021,6.4369
05-10-2021,6.4125
04-10-2021,6.3988
01-10-2021,6.4143
30-09-2021,6.4226
29-09-2021,6.412
28-09-2021,6.364
27-09-2021,6.3573
24-09-2021,6.3437
23-09-2021,6.3351
22-09-2021,6.3615
21-09-2021,6.3419
20-09-2021,6.3402
17-09-2021,6.3412
16-09-2021,6.3191
15-09-2021,6.2929
14-09-2021,6.2993
13-09-2021,6.2956
10-09-2021,6.296
09-09-2021,6.288
08-09-2021,6.2921
07-09-2021,6.2793
06-09-2021,6.2639
03-09-2021,6.259
02-09-2021,6.2608
01-09-2021,6.2805
31-08-2021,6.2977
30-08-2021,6.3031
27-08-2021,6.3034
26-08-2021,6.3268
25-08-2021,6.3165
24-08-2021,6.3253
23-08-2021,6.331
20-08-2021,6.3558
19-08-2021,6.3686
18-08-2021,6.3505
17-08-2021,6.3499
16-08-2021,6.3136
13-08-2021,6.3032
12-08-2021,6.3394
11-08-2021,6.3345
10-08-2021,6.3453
09-08-2021,6.3352
06-08-2021,6.3226
05-08-2021,6.2847
04-08-2021,6.2819
03-08-2021,6.2683
02-08-2021,6.2649
30-07-2021,6.266
29-07-2021,6.2553
28-07-2021,6.2793
27-07-2021,6.2935
26-07-2021,6.3017
23-07-2021,6.3159
22-07-2021,6.3183
21-07-2021,6.3057
20-07-2021,6.3127
19-07-2021,6.3028
16-07-2021,6.2995
15-07-2021,6.2959
14-07-2021,6.283
13-07-2021,6.3147
12-07-2021,6.2708
09-07-2021,6.2612
08-07-2021,6.2776
07-07-2021,6.306
06-07-2021,6.2886
05-07-2021,6.2668
02-07-2021,6.2666
01-07-2021,6.2748
30-06-2021,6.2713
29-06-2021,6.2492
28-06-2021,6.2357
25-06-2021,6.2298
24-06-2021,6.2317
23-06-2021,6.2346
22-06-2021,6.2276
21-06-2021,6.2402
18-06-2021,6.2666
17-06-2021,6.2444
16-06-2021,6.1995
15-06-2021,6.1316
14-06-2021,6.1348
11-06-2021,6.1409
10-06-2021,6.1068
09-06-2021,6.105
08-06-2021,6.1083
07-06-2021,6.1005
04-06-2021,6.1108
03-06-2021,6.1337
02-06-2021,6.0897
01-06-2021,6.0882
31-05-2021,6.0818
28-05-2021,6.0983
27-05-2021,6.0979
26-05-2021,6.098
25-05-2021,6.069
24-05-2021,6.0865
21-05-2021,6.1043
20-05-2021,6.0805
19-05-2021,6.107
18-05-2021,6.0833
17-05-2021,6.1184
14-05-2021,6.1217
13-05-2021,6.1553
12-05-2021,6.1583
11-05-2021,6.12
10-05-2021,6.13
07-05-2021,6.1129
06-05-2021,6.1621
05-05-2021,6.1939
04-05-2021,6.1889
03-05-2021,6.1635
30-04-2021,6.1854
29-04-2021,6.1349
28-04-2021,6.1307
27-04-2021,6.1498
26-04-2021,6.1528
23-04-2021,6.1476
22-04-2021,6.1874
21-04-2021,6.1784
20-04-2021,6.1775
19-04-2021,6.1774
16-04-2021,6.2057
15-04-2021,6.2145
14-04-2021,6.2075
13-04-2021,6.2243
12-04-2021,6.2432
09-04-2021,6.249
08-04-2021,6.2416
07-04-2021,6.2637
06-04-2021,6.2612
05-04-2021,6.2956
02-04-2021,6.325
01-04-2021,6.3148
31-03-2021,6.3392
30-03-2021,6.3463
29-03-2021,6.3199
26-03-2021,6.3054
25-03-2021,6.3205
24-03-2021,6.2944
23-03-2021,6.2743
22-03-2021,6.2311
19-03-2021,6.2458
18-03-2021,6.2402
17-03-2021,6.2072
16-03-2021,6.2463
15-03-2021,6.2325
12-03-2021,6.2208
11-03-2021,6.204
10-03-2021,6.2338
09-03-2021,6.2487
08-03-2021,6.2768
05-03-2021,6.242
04-03-2021,6.2105
03-03-2021,6.1633
02-03-2021,6.1498
01-03-2021,6.1707
26-02-2021,6.1589
25-02-2021,6.1078
24-02-2021,6.1105
23-02-2021,6.1205
22-02-2021,6.1163
19-02-2021,6.1359
18-02-2021,6.1502
17-02-2021,6.1764
16-02-2021,6.1413
15-02-2021,6.1307
12-02-2021,6.1348
11-02-2021,6.1302
10-02-2021,6.1371
09-02-2021,6.1358
08-02-2021,6.1709
05-02-2021,6.1707
04-02-2021,6.2159
03-02-2021,6.1796
02-02-2021,6.1755
01-02-2021,6.1658
29-01-2021,6.1271
28-01-2021,6.1354
27-01-2021,6.1398
26-01-2021,6.1175
25-01-2021,6.1277
22-01-2021,6.1115
21-01-2021,6.1126
20-01-2021,6.1441
19-01-2021,6.1325
18-01-2021,6.1595
15-01-2021,6.1576
14-01-2021,6.1188
13-01-2021,6.1195
12-01-2021,6.0928
11-01-2021,6.1209
08-01-2021,6.0846
07-01-2021,6.0612
06-01-2021,6.0337
05-01-2021,6.0493
04-01-2021,6.0716
01-01-2021,6.0923
31-12-2020,6.0924
30-12-2020,6.0489
29-12-2020,6.0698
28-12-2020,6.0886
25-12-2020,6.0982
24-12-2020,6.1037
23-12-2020,6.1037
22-12-2020,6.1155
21-12-2020,6.0765
18-12-2020,6.0689
17-12-2020,6.0645
16-12-2020,6.0987
15-12-2020,6.1228
14-12-2020,6.1274
11-12-2020,6.1432
10-12-2020,6.1313
09-12-2020,6.1605
08-12-2020,6.1495
07-12-2020,6.1475
04-12-2020,6.1387
03-12-2020,6.1298
02-12-2020,6.1435
01-12-2020,6.1662
30-11-2020,6.2396
27-11-2020,6.2204
26-11-2020,6.2471
25-11-2020,6.2463
24-11-2020,6.2588
23-11-2020,6.2872
20-11-2020,6.2806
19-11-2020,6.2741
18-11-2020,6.286
17-11-2020,6.2786
16-11-2020,6.2816
13-11-2020,6.2948
12-11-2020,6.3087
11-11-2020,6.3211
10-11-2020,6.3013
09-11-2020,6.303
06-11-2020,6.2749
05-11-2020,6.295
04-11-2020,6.3488
03-11-2020,6.3553
02-11-2020,6.3971
30-10-2020,6.3913
29-10-2020,6.3769
28-10-2020,6.3364
27-10-2020,6.3074
26-10-2020,6.3
23-10-2020,6.2736
22-10-2020,6.2949
21-10-2020,6.2729
20-10-2020,6.2963
19-10-2020,6.3216
16-10-2020,6.3515
15-10-2020,6.3567
14-10-2020,6.3374
13-10-2020,6.3362
12-10-2020,6.2993
09-10-2020,6.2897
08-10-2020,6.328
07-10-2020,6.3254
06-10-2020,6.3399
05-10-2020,6.3136
02-10-2020,6.3521
01-10-2020,6.3342
30-09-2020,6.351
29-09-2020,6.3396
28-09-2020,6.3818
25-09-2020,6.3997
24-09-2020,6.3799
23-09-2020,6.3825
22-09-2020,6.3548
21-09-2020,6.3206
18-09-2020,6.2831
17-09-2020,6.2786
16-09-2020,6.2957
15-09-2020,6.2787
14-09-2020,6.2713
11-09-2020,6.2792
10-09-2020,6.2976
09-09-2020,6.3031
08-09-2020,6.3193
07-09-2020,6.2977
04-09-2020,6.284
03-09-2020,6.2774
02-09-2020,6.2757
01-09-2020,6.2485
31-08-2020,6.235
28-08-2020,6.2498
27-08-2020,6.2951
26-08-2020,6.2914
25-08-2020,6.2887
24-08-2020,6.3128
21-08-2020,6.3102
20-08-2020,6.2765
19-08-2020,6.2887
18-08-2020,6.2402
17-08-2020,6.2732
14-08-2020,6.2878
13-08-2020,6.3032
12-08-2020,6.3179
11-08-2020,6.3427
10-08-2020,6.3426
07-08-2020,6.3189
06-08-2020,6.2715
05-08-2020,6.2802
04-08-2020,6.312
03-08-2020,6.3295
31-07-2020,6.3226
30-07-2020,6.2821
29-07-2020,6.3107
28-07-2020,6.3523
27-07-2020,6.3322
24-07-2020,6.384
23-07-2020,6.4172
22-07-2020,6.4317
21-07-2020,6.4553
20-07-2020,6.5041
17-07-2020,6.5142
16-07-2020,6.5395
15-07-2020,6.525
14-07-2020,6.531
13-07-2020,6.5624
10-07-2020,6.5911
09-07-2020,6.6008
08-07-2020,6.5737
07-07-2020,6.6084
06-07-2020,6.588
03-07-2020,6.6249
02-07-2020,6.6297
01-07-2020,6.6226
30-06-2020,6.633
29-06-2020,6.6279
26-06-2020,6.6427
25-06-2020,6.6448
24-06-2020,6.624
23-06-2020,6.5896
22-06-2020,6.6188
19-06-2020,6.6701
18-06-2020,6.654
17-06-2020,6.6287
16-06-2020,6.619
15-06-2020,6.5842
12-06-2020,6.622
11-06-2020,6.5974
10-06-2020,6.5541
09-06-2020,6.5749
08-06-2020,6.6007
05-06-2020,6.6029
04-06-2020,6.5764
03-06-2020,6.635
02-06-2020,6.674
01-06-2020,6.696
29-05-2020,6.7107
28-05-2020,6.7298
27-05-2020,6.7717
26-05-2020,6.7902
25-05-2020,6.8407
22-05-2020,6.8405
21-05-2020,6.8097
20-05-2020,6.7903
19-05-2020,6.8245
18-05-2020,6.832
15-05-2020,6.8896
14-05-2020,6.9006
13-05-2020,6.8922
12-05-2020,6.8734
11-05-2020,6.9
08-05-2020,6.8794
07-05-2020,6.8851
06-05-2020,6.9111
05-05-2020,6.8854
04-05-2020,6.839
01-05-2020,6.7941
30-04-2020,6.8121
29-04-2020,6.8566
28-04-2020,6.8902
27-04-2020,6.8845
24-04-2020,6.8902
23-04-2020,6.9194
22-04-2020,6.8897
21-04-2020,6.8672
20-04-2020,6.8647
17-04-2020,6.86
16-04-2020,6.8835
15-04-2020,6.8385
14-04-2020,6.7951
13-04-2020,6.8423
10-04-2020,6.8261
09-04-2020,6.8284
08-04-2020,6.8757
07-04-2020,6.8544
06-04-2020,6.9171
03-04-2020,6.9094
02-04-2020,6.8768
01-04-2020,6.8071
31-03-2020,6.7655
30-03-2020,6.7587
27-03-2020,6.7017
26-03-2020,6.7642
25-03-2020,6.8635
24-03-2020,6.9201
23-03-2020,6.9631
20-03-2020,6.9815
19-03-2020,6.9896
18-03-2020,6.847
17-03-2020,6.7941
16-03-2020,6.6816
13-03-2020,6.7289
12-03-2020,6.6816
11-03-2020,6.629
10-03-2020,6.6245
09-03-2020,6.5268
06-03-2020,6.6164
05-03-2020,6.6474
04-03-2020,6.7106
03-03-2020,6.6876
02-03-2020,6.7121
28-02-2020,6.775
27-02-2020,6.7915
26-02-2020,6.8668
25-02-2020,6.864
24-02-2020,6.8824
21-02-2020,6.8851
20-02-2020,6.9236
19-02-2020,6.9099
18-02-2020,6.9206
17-02-2020,6.8941
14-02-2020,6.8958
13-02-2020,6.8908
12-02-2020,6.8715
11-02-2020,6.8448
10-02-2020,6.8478
07-02-2020,6.8261
06-02-2020,6.8031
05-02-2020,6.7941
04-02-2020,6.7656
03-02-2020,6.756
31-01-2020,6.7356
30-01-2020,6.7734
29-01-2020,6.7862
28-01-2020,6.7793
27-01-2020,6.7813
24-01-2020,6.777
23-01-2020,6.7595
22-01-2020,6.7357
21-01-2020,6.7414
20-01-2020,6.7341
17-01-2020,6.7369
16-01-2020,6.7096
15-01-2020,6.7015
14-01-2020,6.7146
13-01-2020,6.7117
10-01-2020,6.7194
09-01-2020,6.7286
08-01-2020,6.7283
07-01-2020,6.6996
06-01-2020,6.6743
03-01-2020,6.6968
02-01-2020,6.6884
01-01-2020,6.6618
31-12-2019,6.662
30-12-2019,6.6712
27-12-2019,6.6813
26-12-2019,6.732
25-12-2019,6.7359
24-12-2019,6.7373
23-12-2019,6.7357
20-12-2019,6.7451
19-12-2019,6.7183
18-12-2019,6.723
17-12-2019,6.7014
16-12-2019,6.7057
13-12-2019,6.72
12-12-2019,6.7123
11-12-2019,6.7139
10-12-2019,6.7371
09-12-2019,6.7539
06-12-2019,6.7555
05-12-2019,6.7277
04-12-2019,6.7439
03-12-2019,6.7419
02-12-2019,6.7437
29-11-2019,6.7808
28-11-2019,6.7863
27-11-2019,6.7916
26-11-2019,6.7794
25-11-2019,6.7833
22-11-2019,6.7805
21-11-2019,6.7571
20-11-2019,6.7485
19-11-2019,6.7449
18-11-2019,6.7487
15-11-2019,6.7617
14-11-2019,6.7796
13-11-2019,6.7892
12-11-2019,6.7871
11-11-2019,6.7719
08-11-2019,6.7804
07-11-2019,6.7622
06-11-2019,6.7507
05-11-2019,6.7469
04-11-2019,6.7135
01-11-2019,6.691
31-10-2019,6.6987
30-10-2019,6.6997
29-10-2019,6.7226
28-10-2019,6.7302
25-10-2019,6.7416
24-10-2019,6.7273
23-10-2019,6.7111
22-10-2019,6.7152
21-10-2019,6.7
18-10-2019,6.6878
17-10-2019,6.7158
16-10-2019,6.747
15-10-2019,6.771
14-10-2019,6.7726
11-10-2019,6.7668
10-10-2019,6.7858
09-10-2019,6.8074
08-10-2019,6.8166
07-10-2019,6.8079
04-10-2019,6.801
03-10-2019,6.809
02-10-2019,6.8112
01-10-2019,6.8285
30-09-2019,6.8493
27-09-2019,6.824
26-09-2019,6.837
25-09-2019,6.821
24-09-2019,6.7743
23-09-2019,6.7909
20-09-2019,6.7771
19-09-2019,6.7623
18-09-2019,6.7697
17-09-2019,6.7439
16-09-2019,6.7862
13-09-2019,6.7419
12-09-2019,6.7455
11-09-2019,6.7757
10-09-2019,6.7553
09-09-2019,6.7515
06-09-2019,6.7662
05-09-2019,6.7602
04-09-2019,6.7584
03-09-2019,6.7949
02-09-2019,6.7966
30-08-2019,6.7835
29-08-2019,6.743
28-08-2019,6.7298
27-08-2019,6.7234
26-08-2019,6.7162
23-08-2019,6.6914
22-08-2019,6.7289
21-08-2019,6.7246
20-08-2019,6.7161
19-08-2019,6.731
16-08-2019,6.7233
15-08-2019,6.7146
14-08-2019,6.6962
13-08-2019,6.6798
12-08-2019,6.6558
09-08-2019,6.6628
08-08-2019,6.6737
07-08-2019,6.6623
06-08-2019,6.6645
05-08-2019,6.6619
02-08-2019,6.7206
01-08-2019,6.7353
31-07-2019,6.7415
30-07-2019,6.694
29-07-2019,6.6997
26-07-2019,6.7102
25-07-2019,6.698
24-07-2019,6.701
23-07-2019,6.6927
22-07-2019,6.6597
19-07-2019,6.6517
18-07-2019,6.6208
17-07-2019,6.6525
16-07-2019,6.6609
15-07-2019,6.6329
12-07-2019,6.6242
11-07-2019,6.6349
10-07-2019,6.633
09-07-2019,6.6598
08-07-2019,6.6537
05-07-2019,6.6466
04-07-2019,6.6127
03-07-2019,6.6168
02-07-2019,6.6141
01-07-2019,6.6136
28-06-2019,6.5638
27-06-2019,6.5647
26-06-2019,6.5652
25-06-2019,6.5674
24-06-2019,6.5499
21-06-2019,6.568
20-06-2019,6.6113
19-06-2019,6.651
18-06-2019,6.671
17-06-2019,6.6554
14-06-2019,6.662
13-06-2019,6.6219
12-06-2019,6.6153
11-06-2019,6.5932
10-06-2019,6.6023
07-06-2019,6.5874
06-06-2019,6.6222
05-06-2019,6.6552
04-06-2019,6.6362
03-06-2019,6.6427
31-05-2019,6.6864
30-05-2019,6.7089
29-05-2019,6.7073
28-05-2019,6.6898
27-05-2019,6.6718
24-05-2019,6.6641
23-05-2019,6.6788
22-05-2019,6.696
21-05-2019,6.6918
20-05-2019,6.6889
17-05-2019,6.6923
16-05-2019,6.6824
15-05-2019,6.6661
14-05-2019,6.6662
13-05-2019,6.6536
10-05-2019,6.6453
09-05-2019,6.6574
08-05-2019,6.6707
07-05-2019,6.6705
06-05-2019,6.6664
03-05-2019,6.6642
02-05-2019,6.6825
01-05-2019,6.6675
30-04-2019,6.6577
29-04-2019,6.6735
26-04-2019,6.6968
25-04-2019,6.7067
24-04-2019,6.6937
23-04-2019,6.6497
22-04-2019,6.6321
19-04-2019,6.6392
18-04-2019,6.6475
17-04-2019,6.609
16-04-2019,6.6139
15-04-2019,6.6039
12-04-2019,6.6059
11-04-2019,6.633
10-04-2019,6.6228
09-04-2019,6.6282
08-04-2019,6.6287
05-04-2019,6.6557
04-04-2019,6.6532
03-04-2019,6.6457
02-04-2019,6.6623
01-04-2019,6.6566
29-03-2019,6.6545
28-03-2019,6.6518
27-03-2019,6.6405
26-03-2019,6.6261
25-03-2019,6.5978
22-03-2019,6.6031
21-03-2019,6.5603
20-03-2019,6.5384
19-03-2019,6.5735
18-03-2019,6.5813
15-03-2019,6.5889
14-03-2019,6.6011
13-03-2019,6.5861
12-03-2019,6.6078
11-03-2019,6.6336
08-03-2019,6.6404
07-03-2019,6.6637
06-03-2019,6.5986
05-03-2019,6.5973
04-03-2019,6.5794
01-03-2019,6.5654
28-02-2019,6.5611
27-02-2019,6.5616
26-02-2019,6.551
25-02-2019,6.5695
22-02-2019,6.5824
21-02-2019,6.582
20-02-2019,6.5806
19-02-2019,6.5794
18-02-2019,6.5968
15-02-2019,6.6027
14-02-2019,6.6038
13-02-2019,6.6249
12-02-2019,6.5882
11-02-2019,6.6178
08-02-2019,6.5912
07-02-2019,6.5804
06-02-2019,6.569
05-02-2019,6.5447
04-02-2019,6.5265
01-02-2019,6.5161
31-01-2019,6.5212
30-01-2019,6.5022
29-01-2019,6.5295
28-01-2019,6.5326
25-01-2019,6.5446
24-01-2019,6.6032
23-01-2019,6.5601
22-01-2019,6.5725
21-01-2019,6.5688
18-01-2019,6.5689
17-01-2019,6.554
16-01-2019,6.552
15-01-2019,6.5391
14-01-2019,6.508
11-01-2019,6.5087
10-01-2019,6.49
09-01-2019,6.4681
08-01-2019,6.5257
07-01-2019,6.5074
04-01-2019,6.5523
03-01-2019,6.5534
02-01-2019,6.5817
01-01-2019,6.5123
31-12-2018,6.5107
28-12-2018,6.5249
27-12-2018,6.5301
26-12-2018,6.5767
25-12-2018,6.5533
24-12-2018,6.5489
21-12-2018,6.5642
20-12-2018,6.5214
19-12-2018,6.5636
18-12-2018,6.5723
17-12-2018,6.5798
14-12-2018,6.6028
13-12-2018,6.5709
12-12-2018,6.5649
11-12-2018,6.5954
10-12-2018,6.5721
07-12-2018,6.5598
06-12-2018,6.5613
05-12-2018,6.5786
04-12-2018,6.5789
03-12-2018,6.5721
30-11-2018,6.5932
29-11-2018,6.5495
28-11-2018,6.5647
27-11-2018,6.6091
26-11-2018,6.586
23-11-2018,6.5811
22-11-2018,6.5431
21-11-2018,6.5533
20-11-2018,6.5624
19-11-2018,6.5154
16-11-2018,6.534
15-11-2018,6.5865
14-11-2018,6.5975
13-11-2018,6.6078
12-11-2018,6.6495
09-11-2018,6.5796
08-11-2018,6.563
07-11-2018,6.5287
06-11-2018,6.5273
05-11-2018,6.5385
02-11-2018,6.5499
01-11-2018,6.5381
31-10-2018,6.5953
30-10-2018,6.5766
29-10-2018,6.5605
26-10-2018,6.5427
25-10-2018,6.5588
24-10-2018,6.549
23-10-2018,6.5028
22-10-2018,6.507
19-10-2018,6.4787
18-10-2018,6.5133
17-10-2018,6.4867
16-10-2018,6.4456
15-10-2018,6.4428
12-10-2018,6.4536
11-10-2018,6.4348
10-10-2018,6.4747
09-10-2018,6.4916
08-10-2018,6.491
05-10-2018,6.4742
04-10-2018,6.4757
03-10-2018,6.4956
02-10-2018,6.4567
01-10-2018,6.4396
28-09-2018,6.4263
27-09-2018,6.4044
26-09-2018,6.3527
25-09-2018,6.3387
24-09-2018,6.3488
21-09-2018,6.3483
20-09-2018,6.3325
19-09-2018,6.3907
18-09-2018,6.3938
17-09-2018,6.3849
14-09-2018,6.4179
13-09-2018,6.3806
12-09-2018,6.4156
11-09-2018,6.4264
10-09-2018,6.4325
07-09-2018,6.4543
06-09-2018,6.4145
05-09-2018,6.4099
04-09-2018,6.4357
03-09-2018,6.4154
31-08-2018,6.4253
30-08-2018,6.3881
29-08-2018,6.3691
28-08-2018,6.376
27-08-2018,6.3859
24-08-2018,6.4178
23-08-2018,6.4623
22-08-2018,6.4309
21-08-2018,6.4462
20-08-2018,6.4951
17-08-2018,6.5192
16-08-2018,6.5539
15-08-2018,6.5709
14-08-2018,6.5711
13-08-2018,6.5319
10-08-2018,6.5316
09-08-2018,6.4674
08-08-2018,6.4207
07-08-2018,6.4252
06-08-2018,6.45
03-08-2018,6.4428
02-08-2018,6.4327
01-08-2018,6.3906
31-07-2018,6.3727
30-07-2018,6.3624
27-07-2018,6.3895
26-07-2018,6.4001
25-07-2018,6.353
24-07-2018,6.3763
23-07-2018,6.3717
20-07-2018,6.3567
19-07-2018,6.4001
18-07-2018,6.4033
17-07-2018,6.3927
16-07-2018,6.3631
13-07-2018,6.3789
12-07-2018,6.3885
11-07-2018,6.3844
10-07-2018,6.3463
09-07-2018,6.3429
06-07-2018,6.3436
05-07-2018,6.374
04-07-2018,6.3921
03-07-2018,6.3914
02-07-2018,6.4009
29-06-2018,6.3763
28-06-2018,6.442
27-06-2018,6.4479
26-06-2018,6.3971
25-06-2018,6.367
22-06-2018,6.3932
21-06-2018,6.4223
20-06-2018,6.4387
19-06-2018,6.4308
18-06-2018,6.4103
15-06-2018,6.418
14-06-2018,6.44
13-06-2018,6.3178
12-06-2018,6.3433
11-06-2018,6.3215
08-06-2018,6.3292
07-06-2018,6.3128
06-06-2018,6.3235
05-06-2018,6.3509
04-06-2018,6.3613
01-06-2018,6.3834
31-05-2018,6.3642
30-05-2018,6.3804
29-05-2018,6.4493
28-05-2018,6.4066
25-05-2018,6.3937
24-05-2018,6.3554
23-05-2018,6.3686
22-05-2018,6.3228
21-05-2018,6.3145
18-05-2018,6.326
17-05-2018,6.3139
16-05-2018,6.307
15-05-2018,6.2933
14-05-2018,6.2452
11-05-2018,6.239
10-05-2018,6.2516
09-05-2018,6.2849
08-05-2018,6.2771
07-05-2018,6.2486
04-05-2018,6.2272
03-05-2018,6.2131
02-05-2018,6.233
01-05-2018,6.2124
30-04-2018,6.1677
27-04-2018,6.1416
26-04-2018,6.1551
25-04-2018,6.1252
24-04-2018,6.0887
23-04-2018,6.1
20-04-2018,6.0607
19-04-2018,6.0323
18-04-2018,6.0186
17-04-2018,6.0208
16-04-2018,6.0157
13-04-2018,6.0387
12-04-2018,6.0402
11-04-2018,6.0204
10-04-2018,6.0264
09-04-2018,6.0439
06-04-2018,6.0631
05-04-2018,6.0834
04-04-2018,6.0675
03-04-2018,6.0711
02-04-2018,6.055
30-03-2018,6.0479
29-03-2018,6.0602
28-03-2018,6.054
27-03-2018,6.0041
26-03-2018,5.9844
23-03-2018,6.0289
22-03-2018,6.0543
21-03-2018,6.0364
20-03-2018,6.0843
19-03-2018,6.038
16-03-2018,6.0609
15-03-2018,6.0534
14-03-2018,6.0228
13-03-2018,6.0117
12-03-2018,6.0375
09-03-2018,6.0524
08-03-2018,6.0492
07-03-2018,6.0031
06-03-2018,6.0057
05-03-2018,6.0378
02-03-2018,6.0456
01-03-2018,6.0708
28-02-2018,6.106
27-02-2018,6.0859
26-02-2018,6.0434
23-02-2018,6.0551
22-02-2018,6.0395
21-02-2018,6.0627
20-02-2018,6.0357
19-02-2018,6.0018
16-02-2018,6.0038
15-02-2018,5.9565
14-02-2018,5.9833
13-02-2018,6.032
12-02-2018,6.0587
09-02-2018,6.0847
08-02-2018,6.0775
07-02-2018,6.068
06-02-2018,6.0129
05-02-2018,6.0192
02-02-2018,5.9726
01-02-2018,5.9497
31-01-2018,5.9947
30-01-2018,6.0004
29-01-2018,6.0105
26-01-2018,5.9935
25-01-2018,6.0044
24-01-2018,6
23-01-2018,6.0524
22-01-2018,6.0704
19-01-2018,6.089
18-01-2018,6.0826
17-01-2018,6.1093
16-01-2018,6.0745
15-01-2018,6.0732
12-01-2018,6.1122
11-01-2018,6.1888
10-01-2018,6.2325
09-01-2018,6.2384
08-01-2018,6.2214
05-01-2018,6.1892
04-01-2018,6.1694
03-01-2018,6.1968
02-01-2018,6.1728
01-01-2018,6.2012
29-12-2017,6.2041
28-12-2017,6.2332
27-12-2017,6.262
26-12-2017,6.2774
25-12-2017,6.2704
22-12-2017,6.2781
21-12-2017,6.2691
20-12-2017,6.2706
19-12-2017,6.2862
18-12-2017,6.3171
15-12-2017,6.333
14-12-2017,6.3203
13-12-2017,6.293
12-12-2017,6.3375
11-12-2017,6.3231
08-12-2017,6.325
07-12-2017,6.3213
06-12-2017,6.3078
05-12-2017,6.2919
04-12-2017,6.2708
01-12-2017,6.2581
30-11-2017,6.2515
29-11-2017,6.2819
28-11-2017,6.2853
27-11-2017,6.2542
24-11-2017,6.2382
23-11-2017,6.2803
22-11-2017,6.295
21-11-2017,6.3395
20-11-2017,6.3423
17-11-2017,6.3079
16-11-2017,6.3209
15-11-2017,6.3122
14-11-2017,6.3061
13-11-2017,6.376
10-11-2017,6.379
09-11-2017,6.3919
08-11-2017,6.4189
07-11-2017,6.4232
06-11-2017,6.4099
03-11-2017,6.4118
02-11-2017,6.3832
01-11-2017,6.4043
31-10-2017,6.3892
30-10-2017,6.387
27-10-2017,6.4099
26-10-2017,6.3874
25-10-2017,6.3006
24-10-2017,6.3286
23-10-2017,6.3351
20-10-2017,6.3159
19-10-2017,6.2793
18-10-2017,6.315
17-10-2017,6.3271
16-10-2017,6.31
13-10-2017,6.2968
12-10-2017,6.2914
11-10-2017,6.2764
10-10-2017,6.3021
09-10-2017,6.3389
06-10-2017,6.3424
05-10-2017,6.3549
04-10-2017,6.3286
03-10-2017,6.3374
02-10-2017,6.3433
29-09-2017,6.2979
28-09-2017,6.3138
27-09-2017,6.3366
26-09-2017,6.308
25-09-2017,6.2789
22-09-2017,6.227
21-09-2017,6.2307
20-09-2017,6.2565
19-09-2017,6.203
18-09-2017,6.2243
15-09-2017,6.2287
14-09-2017,6.2425
13-09-2017,6.2593
12-09-2017,6.2176
11-09-2017,6.2239
08-09-2017,6.1822
07-09-2017,6.1875
06-09-2017,6.243
05-09-2017,6.2434
04-09-2017,6.2513
01-09-2017,6.2697
31-08-2017,6.2442
30-08-2017,6.2584
29-08-2017,6.2132
28-08-2017,6.2096
25-08-2017,6.2359
24-08-2017,6.3029
23-08-2017,6.2987
22-08-2017,6.3229
21-08-2017,6.294
18-08-2017,6.3226
17-08-2017,6.342
16-08-2017,6.3194
15-08-2017,6.337
14-08-2017,6.3123
11-08-2017,6.2901
10-08-2017,6.3176
09-08-2017,6.3255
08-08-2017,6.3295
07-08-2017,6.3055
04-08-2017,6.3194
03-08-2017,6.2656
02-08-2017,6.2724
01-08-2017,6.3008
31-07-2017,6.2793
28-07-2017,6.3279
27-07-2017,6.3673
26-07-2017,6.336
25-07-2017,6.3849
24-07-2017,6.3862
21-07-2017,6.374
20-07-2017,6.3924
19-07-2017,6.4568
18-07-2017,6.4355
17-07-2017,6.4785
14-07-2017,6.4833
13-07-2017,6.5237
12-07-2017,6.5166
11-07-2017,6.4828
10-07-2017,6.5213
07-07-2017,6.5225
06-07-2017,6.5096
05-07-2017,6.5506
04-07-2017,6.554
03-07-2017,6.5425
30-06-2017,6.5075
29-06-2017,6.4988
28-06-2017,6.5361
27-06-2017,6.5558
26-06-2017,6.6492
23-06-2017,6.6433
22-06-2017,6.6696
21-06-2017,6.6604
20-06-2017,6.6804
19-06-2017,6.6712
16-06-2017,6.6417
15-06-2017,6.6706
14-06-2017,6.6276
13-06-2017,6.6322
12-06-2017,6.6372
09-06-2017,6.6425
08-06-2017,6.6319
07-06-2017,6.6063
06-06-2017,6.5948
05-06-2017,6.6104
02-06-2017,6.5939
01-06-2017,6.6333
31-05-2017,6.6151
30-05-2017,6.65
29-05-2017,6.6634
26-05-2017,6.6533
25-05-2017,6.6371
24-05-2017,6.6324
23-05-2017,6.6549
22-05-2017,6.6247
19-05-2017,6.6407
18-05-2017,6.7011
17-05-2017,6.6651
16-05-2017,6.7111
15-05-2017,6.7768
12-05-2017,6.8063
11-05-2017,6.849
10-05-2017,6.8442
09-05-2017,6.8442
08-05-2017,6.811
05-05-2017,6.7607
04-05-2017,6.7697
03-05-2017,6.8312
02-05-2017,6.804
01-05-2017,6.8222
28-04-2017,6.8267
27-04-2017,6.8412
26-04-2017,6.8226
25-04-2017,6.8094
24-04-2017,6.8451
21-04-2017,6.9328
20-04-2017,6.9392
19-04-2017,6.9446
18-04-2017,6.9321
17-04-2017,6.9892
14-04-2017,7.0088
13-04-2017,7.009
12-04-2017,6.9723
11-04-2017,7.0116
10-04-2017,7.0168
07-04-2017,7.019
06-04-2017,6.9855
05-04-2017,6.9726
04-04-2017,6.9664
03-04-2017,6.9705
31-03-2017,6.981
30-03-2017,6.9673
29-03-2017,6.9116
28-03-2017,6.8798
27-03-2017,6.8474
24-03-2017,6.8879
23-03-2017,6.897
22-03-2017,6.8888
21-03-2017,6.8789
20-03-2017,6.9228
17-03-2017,6.9214
16-03-2017,6.905
15-03-2017,6.9254
14-03-2017,7.009
13-03-2017,6.9778
10-03-2017,6.9548
09-03-2017,7.0287
08-03-2017,7.0508
07-03-2017,7.0338
06-03-2017,7.0247
03-03-2017,7.0032
02-03-2017,7.0745
01-03-2017,7.0476
28-02-2017,7.0282
27-02-2017,7.0204
24-02-2017,7.0395
23-02-2017,7.0233
22-02-2017,7.0388
21-02-2017,7.0537
20-02-2017,7.003
17-02-2017,7.0067
16-02-2017,6.9647
15-02-2017,7.0126
14-02-2017,7.0301
13-02-2017,7.0159
10-02-2017,6.9883
09-02-2017,6.9759
08-02-2017,6.9482
07-02-2017,6.9576
06-02-2017,6.9164
03-02-2017,6.8991
02-02-2017,6.9129
01-02-2017,6.907
31-01-2017,6.8862
30-01-2017,6.9535
27-01-2017,6.954
26-01-2017,6.9615
25-01-2017,6.9187
24-01-2017,6.9289
23-01-2017,6.9074
20-01-2017,6.9535
19-01-2017,6.9721
18-01-2017,6.9954
17-01-2017,6.9409
16-01-2017,7.016
13-01-2017,6.9875
12-01-2017,7.006
11-01-2017,7.0244
10-01-2017,7.0422
09-01-2017,7.0301
06-01-2017,7.058
05-01-2017,7.0082
04-01-2017,7.0883
03-01-2017,7.1439
02-01-2017,7.1106
30-12-2016,7.0638
29-12-2016,7.0847
28-12-2016,7.1384
27-12-2016,7.1095
26-12-2016,7.1104
23-12-2016,7.1142
22-12-2016,7.1218
21-12-2016,7.1314
20-12-2016,7.1564
19-12-2016,7.1467
16-12-2016,7.1185
15-12-2016,7.1371
14-12-2016,7.057
13-12-2016,6.9968
12-12-2016,6.992
09-12-2016,7.0422
08-12-2016,7.0087
07-12-2016,6.917
06-12-2016,6.9398
05-12-2016,6.9114
02-12-2016,6.9758
01-12-2016,6.9777
30-11-2016,7.0255
29-11-2016,6.9856
28-11-2016,7.0081
25-11-2016,7.0226
24-11-2016,7.0476
23-11-2016,7.0492
22-11-2016,7.0011
21-11-2016,6.9989
18-11-2016,7.0218
17-11-2016,7.0012
16-11-2016,6.9622
15-11-2016,6.942
14-11-2016,6.9321
11-11-2016,6.8611
10-11-2016,6.8309
09-11-2016,6.8227
08-11-2016,6.7487
07-11-2016,6.7392
04-11-2016,6.6788
03-11-2016,6.6992
02-11-2016,6.7041
01-11-2016,6.7284
31-10-2016,6.7728
28-10-2016,6.7721
27-10-2016,6.8255
26-10-2016,6.819
25-10-2016,6.8298
24-10-2016,6.8351
21-10-2016,6.833
20-10-2016,6.8062
19-10-2016,6.7802
18-10-2016,6.7763
17-10-2016,6.7639
14-10-2016,6.7809
13-10-2016,6.7278
12-10-2016,6.7571
11-10-2016,6.7293
10-10-2016,6.6796
07-10-2016,6.6427
06-10-2016,6.6725
05-10-2016,6.6399
04-10-2016,6.6417
03-10-2016,6.6391
30-09-2016,6.6225
29-09-2016,6.6391
28-09-2016,6.6443
27-09-2016,6.6443
26-09-2016,6.621
23-09-2016,6.6405
22-09-2016,6.6505
21-09-2016,6.6617
20-09-2016,6.6849
19-09-2016,6.6662
16-09-2016,6.6764
15-09-2016,6.6222
14-09-2016,6.6179
13-09-2016,6.634
12-09-2016,6.625
09-09-2016,6.6247
08-09-2016,6.609
07-09-2016,6.6233
06-09-2016,6.6111
05-09-2016,6.6739
02-09-2016,6.67
01-09-2016,6.6447
31-08-2016,6.6701
30-08-2016,6.6805
29-08-2016,6.6526
26-08-2016,6.6491
25-08-2016,6.5994
24-08-2016,6.6076
23-08-2016,6.5828
22-08-2016,6.5735
19-08-2016,6.5707
18-08-2016,6.5543
17-08-2016,6.591
16-08-2016,6.5987
15-08-2016,6.6519
12-08-2016,6.6659
11-08-2016,6.6787
10-08-2016,6.6551
09-08-2016,6.6908
08-08-2016,6.7067
05-08-2016,6.7066
04-08-2016,6.6822
03-08-2016,6.6707
02-08-2016,6.6269
01-08-2016,6.6644
29-07-2016,6.6567
28-07-2016,6.713
27-07-2016,6.7265
26-07-2016,6.7705
25-07-2016,6.7664
22-07-2016,6.7761
21-07-2016,6.7475
20-07-2016,6.7525
19-07-2016,6.749
18-07-2016,6.7164
15-07-2016,6.7417
14-07-2016,6.6887
13-07-2016,6.7061
12-07-2016,6.7251
11-07-2016,6.7255
08-07-2016,6.7328
07-07-2016,6.7257
06-07-2016,6.7029
05-07-2016,6.7176
04-07-2016,6.6703
01-07-2016,6.6798
30-06-2016,6.6955
29-06-2016,6.6857
28-06-2016,6.7271
27-06-2016,6.746
24-06-2016,6.6928
23-06-2016,6.5384
22-06-2016,6.5845
21-06-2016,6.6137
20-06-2016,6.5737
17-06-2016,6.5927
16-06-2016,6.6238
15-06-2016,6.6042
14-06-2016,6.6344
13-06-2016,6.5843
10-06-2016,6.6092
09-06-2016,6.5693
08-06-2016,6.5265
07-06-2016,6.5466
06-06-2016,6.5508
03-06-2016,6.5455
02-06-2016,6.6701
01-06-2016,6.6487
31-05-2016,6.6812
30-05-2016,6.6765
27-05-2016,6.6911
26-05-2016,6.6429
25-05-2016,6.6669
24-05-2016,6.6747
23-05-2016,6.6275
20-05-2016,6.6253
19-05-2016,6.6381
18-05-2016,6.6295
17-05-2016,6.5743
16-05-2016,6.5706
13-05-2016,6.5761
12-05-2016,6.5397
11-05-2016,6.5118
10-05-2016,6.5429
09-05-2016,6.5359
06-05-2016,6.5218
05-05-2016,6.5231
04-05-2016,6.4751
03-05-2016,6.4723
02-05-2016,6.452
29-04-2016,6.4999
28-04-2016,6.5564
27-04-2016,6.5747
26-04-2016,6.5871
25-04-2016,6.6042
22-04-2016,6.6286
21-04-2016,6.5918
20-04-2016,6.5864
19-04-2016,6.5521
18-04-2016,6.5825
15-04-2016,6.5939
14-04-2016,6.6033
13-04-2016,6.6012
12-04-2016,6.5371
11-04-2016,6.5247
08-04-2016,6.5282
07-04-2016,6.5396
06-04-2016,6.5292
05-04-2016,6.5383
04-04-2016,6.532
01-04-2016,6.5413
31-03-2016,6.5476
30-03-2016,6.5724
29-03-2016,6.6022
28-03-2016,6.6593
25-03-2016,6.6738
24-03-2016,6.6711
23-03-2016,6.6677
22-03-2016,6.644
21-03-2016,6.6306
18-03-2016,6.6125
17-03-2016,6.5853
16-03-2016,6.6427
15-03-2016,6.7121
14-03-2016,6.717
11-03-2016,6.6888
10-03-2016,6.6748
09-03-2016,6.7823
08-03-2016,6.7761
07-03-2016,6.7748
04-03-2016,6.7805
03-03-2016,6.8094
02-03-2016,6.862
01-03-2016,6.8623
29-02-2016,6.8597
26-02-2016,6.8188
25-02-2016,6.7717
24-02-2016,6.7752
23-02-2016,6.775
22-02-2016,6.7652
19-02-2016,6.7045
18-02-2016,6.7189
17-02-2016,6.7069
16-02-2016,6.6971
15-02-2016,6.6906
12-02-2016,6.631
11-02-2016,6.5916
10-02-2016,6.6096
09-02-2016,6.6083
08-02-2016,6.6684
05-02-2016,6.6919
04-02-2016,6.6589
03-02-2016,6.7202
02-02-2016,6.8337
01-02-2016,6.8534
29-01-2016,6.8873
28-01-2016,6.8214
27-01-2016,6.8511
26-01-2016,6.8644
25-01-2016,6.8782
22-01-2016,6.9091
21-01-2016,6.8613
20-01-2016,6.8533
19-01-2016,6.8417
18-01-2016,6.8514
15-01-2016,6.8388
14-01-2016,6.8678
13-01-2016,6.8605
12-01-2016,6.8718
11-01-2016,6.8704
08-01-2016,6.8321
07-01-2016,6.8249
06-01-2016,6.9207
05-01-2016,6.9407
04-01-2016,6.8888
01-01-2016,6.8722
31-12-2015,6.8718
30-12-2015,6.8249
29-12-2015,6.8319
28-12-2015,6.8033
25-12-2015,6.8032
24-12-2015,6.8061
23-12-2015,6.839
22-12-2015,6.8084
21-12-2015,6.8365
18-12-2015,6.8618
17-12-2015,6.8918
16-12-2015,6.8385
15-12-2015,6.8272
14-12-2015,6.7874
11-12-2015,6.7901
10-12-2015,6.8179
09-12-2015,6.7668
08-12-2015,6.8491
07-12-2015,6.8836
04-12-2015,6.8595
03-12-2015,6.8192
02-12-2015,7.0266
01-12-2015,7.0148
30-11-2015,7.0615
27-11-2015,7.0421
26-11-2015,7.0298
25-11-2015,7.0204
24-11-2015,7.0091
23-11-2015,7.0137
20-11-2015,7.0076
19-11-2015,6.9497
18-11-2015,6.9979
17-11-2015,7.0102
16-11-2015,6.9825
13-11-2015,6.9389
12-11-2015,6.8986
11-11-2015,6.9459
10-11-2015,6.9558
09-11-2015,6.9383
06-11-2015,6.9423
05-11-2015,6.8532
04-11-2015,6.8649
03-11-2015,6.8027
02-11-2015,6.7707
30-10-2015,6.7766
29-10-2015,6.7935
28-10-2015,6.8282
27-10-2015,6.7524
26-10-2015,6.7458
23-10-2015,6.7698
22-10-2015,6.7144
21-10-2015,6.5786
20-10-2015,6.5747
19-10-2015,6.5847
16-10-2015,6.5747
15-10-2015,6.5536
14-10-2015,6.5031
13-10-2015,6.5566
12-10-2015,6.569
09-10-2015,6.5685
08-10-2015,6.6164
07-10-2015,6.6392
06-10-2015,6.6187
05-10-2015,6.6687
02-10-2015,6.6532
01-10-2015,6.6628
30-09-2015,6.6748
29-09-2015,6.6322
28-09-2015,6.6351
25-09-2015,6.6643
24-09-2015,6.6436
23-09-2015,6.6693
22-09-2015,6.7041
21-09-2015,6.6663
18-09-2015,6.6024
17-09-2015,6.5238
16-09-2015,6.6076
15-09-2015,6.6208
14-09-2015,6.5923
11-09-2015,6.579
10-09-2015,6.6136
09-09-2015,6.6573
08-09-2015,6.6599
07-09-2015,6.6798
04-09-2015,6.6954
03-09-2015,6.7066
02-09-2015,6.647
01-09-2015,6.5952
31-08-2015,6.6572
28-08-2015,6.6712
27-08-2015,6.6363
26-08-2015,6.5963
25-08-2015,6.481
24-08-2015,6.4221
21-08-2015,6.5536
20-08-2015,6.6392
19-08-2015,6.7091
18-08-2015,6.7715
17-08-2015,6.7371
14-08-2015,6.7177
13-08-2015,6.6936
12-08-2015,6.6883
11-08-2015,6.7584
10-08-2015,6.7721
07-08-2015,6.8045
06-08-2015,6.8291
05-08-2015,6.8417
04-08-2015,6.8574
03-08-2015,6.8139
31-07-2015,6.7934
30-07-2015,6.8243
29-07-2015,6.7923
28-07-2015,6.7464
27-07-2015,6.7291
24-07-2015,6.7947
23-07-2015,6.7931
22-07-2015,6.8274
21-07-2015,6.8222
20-07-2015,6.8916
17-07-2015,6.8885
16-07-2015,6.8612
15-07-2015,6.815
14-07-2015,6.7784
13-07-2015,6.7826
10-07-2015,6.6898
09-07-2015,6.7616
08-07-2015,6.7355
07-07-2015,6.7778
06-07-2015,6.7494
03-07-2015,6.7255
02-07-2015,6.7268
01-07-2015,6.7494
30-06-2015,6.6975
29-06-2015,6.6391
26-06-2015,6.6814
25-06-2015,6.6569
24-06-2015,6.6563
23-06-2015,6.681
22-06-2015,6.5806
19-06-2015,6.5721
18-06-2015,6.5665
17-06-2015,6.5773
16-06-2015,6.6315
15-06-2015,6.6095
12-06-2015,6.62
11-06-2015,6.6256
10-06-2015,6.5894
09-06-2015,6.6122
08-06-2015,6.6046
05-06-2015,6.7116
04-06-2015,6.638
03-06-2015,6.6159
02-06-2015,6.6904
01-06-2015,6.8254
29-05-2015,6.7875
28-05-2015,6.8121
27-05-2015,6.8388
26-05-2015,6.8539
25-05-2015,6.7921
22-05-2015,6.7702
21-05-2015,6.7082
20-05-2015,6.7227
19-05-2015,6.6892
18-05-2015,6.5934
15-05-2015,6.5221
14-05-2015,6.5424
13-05-2015,6.5748
12-05-2015,6.6547
11-05-2015,6.6901
08-05-2015,6.6578
07-05-2015,6.624
06-05-2015,6.5791
05-05-2015,6.6723
04-05-2015,6.6955
01-05-2015,6.6672
30-04-2015,6.6518
29-04-2015,6.7039
28-04-2015,6.7958
27-04-2015,6.8498
24-04-2015,6.8619
23-04-2015,6.8926
22-04-2015,6.9585
21-04-2015,6.9502
20-04-2015,6.9495
17-04-2015,6.9031
16-04-2015,6.9362
15-04-2015,6.9898
14-04-2015,7.009
13-04-2015,7.0706
10-04-2015,7.0472
09-04-2015,7.0098
08-04-2015,6.9322
07-04-2015,6.9088
06-04-2015,6.8431
03-04-2015,6.8139
02-04-2015,6.8691
01-04-2015,6.9402
31-03-2015,6.9617
30-03-2015,6.8956
27-03-2015,6.859
26-03-2015,6.8609
25-03-2015,6.8079
24-03-2015,6.8312
23-03-2015,6.812
20-03-2015,6.8886
19-03-2015,6.988
18-03-2015,6.8613
17-03-2015,7.0382
16-03-2015,7.0609
13-03-2015,7.1081
12-03-2015,7.0113
11-03-2015,7.0673
10-03-2015,6.9649
09-03-2015,6.8652
06-03-2015,6.8643
05-03-2015,6.7557
04-03-2015,6.7296
03-03-2015,6.6689
02-03-2015,6.6607
27-02-2015,6.6675
26-02-2015,6.6628
25-02-2015,6.5731
24-02-2015,6.5789
23-02-2015,6.5813
20-02-2015,6.5587
19-02-2015,6.548
18-02-2015,6.5318
17-02-2015,6.5219
16-02-2015,6.5566
13-02-2015,6.5292
12-02-2015,6.5283
11-02-2015,6.565
10-02-2015,6.5742
09-02-2015,6.5725
06-02-2015,6.5733
05-02-2015,6.4851
04-02-2015,6.5619
03-02-2015,6.4854
02-02-2015,6.5628
30-01-2015,6.5844
29-01-2015,6.5735
28-01-2015,6.5961
27-01-2015,6.5387
26-01-2015,6.6287
23-01-2015,6.6425
22-01-2015,6.5489
21-01-2015,6.4038
20-01-2015,6.4362
19-01-2015,6.4039
16-01-2015,6.4228
15-01-2015,6.3894
14-01-2015,6.309
13-01-2015,6.3178
12-01-2015,6.2867
09-01-2015,6.2853
08-01-2015,6.308
07-01-2015,6.2844
06-01-2015,6.2587
05-01-2015,6.236
02-01-2015,6.2013
01-01-2015,6.1525
